LevelID	BubbleDataStr	LevelTime	LevelDifficulty	NoAdWeight	OneAdWeight	TwoAdWeight	ThreeAdWeight	CountdownTargetProgress	PointRangeStr	Bo
1	BubbleConfig_1	300.0	1	1.0	0.0	0.0	0.0			goc
2	BubbleConfig_2	300.0	1	1.0	0.0	0.0	0.0			goc
3	BubbleConfig_3	420.0	2	0.35	0.3	0.35	0.0		0.35,0.7	goc
4	BubbleConfig_4	360.0	1	0.45	0.35	0.2	0.0		0.25,0.6	goc
5	BubbleConfig_5	300.0	2	0.35	0.3	0.35	0.0		0.4,0.75	goc
6	BubbleConfig_6	240.0	2	0.35	0.25	0.4	0.0		0.45,0.75	goc
7	BubbleConfig_7	480.0	3	0.3	0.15	0.3	0.25		0.28,0.43|0.58,0.8	goc
8	BubbleConfig_8	360.0	1	0.45	0.35	0.2	0.0		0.45,0.75	goc
9	BubbleConfig_9	240.0	2	0.35	0.25	0.25	0.15		0.35,0.5|0.55,0.8	goc
10	BubbleConfig_10	300.0	2	0.35	0.25	0.25	0.15		0.4,0.55|0.56,0.8	goc
11	BubbleConfig_11	300.0	1	0.45	0.35	0.2	0.0		0.45,0.75	goc
12	BubbleConfig_12	420.0	3	0.3	0.15	0.2	0.25		0.28,0.43|0.44,0.57|0.58,0.8	goc
13	BubbleConfig_13	180.0	1	0.45	0.35	0.2	0.0		0.45,0.75	goc
14	BubbleConfig_14	360.0	2	0.35	0.25	0.25	0.15		0.35,0.5|0.55,0.8	goc
15	BubbleConfig_15	300.0	2	0.35	0.25	0.25	0.15		0.4,0.55|0.56,0.8	goc
16	BubbleConfig_16	300.0	3	0.3	0.15	0.3	0.25		0.28,0.43|0.44,0.57|0.58,0.8	goc
17	BubbleConfig_17	180.0	1	0.45	0.35	0.2	0.0		0.45,0.75	goc
18	BubbleConfig_18	360.0	2	0.25	0.25	0.25	0.25		0.35,0.5|0.55,0.8	goc
19	BubbleConfig_19	300.0	2	0.25	0.25	0.25	0.25		0.4,0.55|0.56,0.8	goc
20	BubbleConfig_20	240.0	3	0.2	0.15	0.3	0.35		0.28,0.43|0.44,0.57|0.58,0.8	goc
21	BubbleConfig_21	300.0	2	0.25	0.25	0.25	0.25		0.4,0.55|0.56,0.8	goc
22	BubbleConfig_22	180.0	1	0.35	0.35	0.3	0.0		0.45,0.75	goc
23	BubbleConfig_23	240.0	2	0.25	0.25	0.25	0.25		0.35,0.5|0.55,0.8	goc
24	BubbleConfig_24	240.0	2	0.25	0.25	0.25	0.25		0.4,0.55|0.56,0.8	goc
25	BubbleConfig_25	300.0	3	0.2	0.15	0.3	0.35		0.28,0.43|0.44,0.57|0.58,0.8	goc
26	BubbleConfig_26	180.0	1	0.35	0.35	0.3	0.0		0.45,0.75	goc
27	BubbleConfig_27	240.0	2	0.25	0.25	0.25	0.25		0.35,0.5|0.55,0.8	goc
28	BubbleConfig_28	240.0	2	0.25	0.25	0.25	0.25		0.4,0.55|0.56,0.8	goc
29	BubbleConfig_29	300.0	3	0.2	0.15	0.3	0.35	0.1,30|0.3,60|0.55,90	0.28,0.43|0.44,0.57|0.58,0.8	goc
30	BubbleConfig_30	240.0	2	0.25	0.25	0.25	0.25		0.4,0.55|0.56,0.8	goc
31	BubbleConfig_31	180.0	1	0.35	0.35	0.3	0.0		0.45,0.75	goc
32	BubbleConfig_32	240.0	2	0.15	0.25	0.25	0.35	0.2,30|0.5,60	0.4,0.55|0.56,0.8	goc
33	BubbleConfig_33	180.0	3	0.1	0.15	0.3	0.45	0.1,30|0.3,60|0.55,90	0.28,0.43|0.44,0.57|0.58,0.8	goc
34	BubbleConfig_34	180.0	1	0.25	0.35	0.4	0.0		0.45,0.75	goc
35	BubbleConfig_35	240.0	2	0.15	0.25	0.25	0.35	0.2,30|0.5,60	0.4,0.55|0.56,0.8	goc
36	BubbleConfig_36	180.0	3	0.1	0.15	0.3	0.45		0.28,0.43|0.44,0.57|0.58,0.8	goc
37	BubbleConfig_37	180.0	1	0.25	0.35	0.4	0.0		0.45,0.75	goc
38	BubbleConfig_38	240.0	2	0.15	0.25	0.25	0.35	0.3,30|0.5,60	0.35,0.5|0.55,0.8	goc
39	BubbleConfig_39	240.0	2	0.15	0.25	0.25	0.35		0.4,0.55|0.56,0.8	goc
40	BubbleConfig_40	300.0	3	0.1	0.15	0.3	0.45	0.2,30|0.4,60|0.55,90	0.28,0.43|0.44,0.57|0.58,0.8	goc
41	BubbleConfig_41	180.0	1	0.25	0.35	0.4	0.0		0.45,0.75	goc
42	BubbleConfig_42	240.0	2	0.15	0.25	0.25	0.35	0.1,30|0.25,30|0.5,90	0.35,0.5|0.55,0.8	goc
43	BubbleConfig_43	240.0	2	0.15	0.25	0.25	0.35	0.2,30|0.35,60|0.5,90	0.4,0.55|0.56,0.8	goc
44	BubbleConfig_44	300.0	3	0.1	0.15	0.3	0.45		0.28,0.43|0.44,0.57|0.58,0.8	goc
45	BubbleConfig_45	240.0	2	0.15	0.25	0.25	0.35		0.4,0.55|0.56,0.8	goc
46	BubbleConfig_46	180.0	1	0.25	0.35	0.4	0.0		0.45,0.75	goc
47	BubbleConfig_47	240.0	2	0.15	0.25	0.25	0.35	0.1,30|0.25,30|0.5,90	0.4,0.55|0.56,0.8	goc
48	BubbleConfig_48	300.0	3	0.1	0.15	0.3	0.45	0.1,30|0.3,60|0.55,90	0.28,0.43|0.44,0.57|0.58,0.8	goc
49	BubbleConfig_49	240.0	2	0.15	0.25	0.25	0.35	0.2,30|0.35,60	0.35,0.5|0.55,0.8	goc
50	BubbleConfig_50	600.0	2	0.15	0.25	0.25	0.35	0.3,30|0.5,60	0.4,0.55|0.56,0.8	goc
51	BubbleConfig_51	180.0	1	0.25	0.35	0.4	0.0		0.45,0.75	goc
52	BubbleConfig_52	240.0	2	0.15	0.25	0.25	0.35		0.35,0.5|0.55,0.8	goc
53	BubbleConfig_53	240.0	2	0.15	0.25	0.25	0.35		0.4,0.55|0.56,0.8	goc
54	BubbleConfig_54	300.0	3	0.1	0.15	0.3	0.45	0.1,30|0.3,60|0.55,90	0.28,0.43|0.44,0.57|0.58,0.8	goc
55	BubbleConfig_55	180.0	1	0.25	0.35	0.4	0.0		0.45,0.75	goc
56	BubbleConfig_56	240.0	2	0.15	0.25	0.25	0.35	0.1,30|0.25,30|0.5,90	0.35,0.5|0.55,0.8	goc
57	BubbleConfig_57	240.0	2	0.15	0.25	0.25	0.35		0.4,0.55|0.56,0.8	goc
58	BubbleConfig_58	300.0	3	0.1	0.15	0.3	0.45	0.15,30|0.35,60|0.55,90	0.28,0.43|0.44,0.57|0.58,0.8	goc
59	BubbleConfig_59	180.0	1	0.25	0.35	0.4	0.0		0.45,0.75	goc
60	BubbleConfig_60	240.0	2	0.15	0.25	0.25	0.35		0.35,0.5|0.55,0.8	goc
61	BubbleConfig_61	240.0	2	0.15	0.25	0.25	0.35	0.1,30|0.25,30|0.5,90	0.4,0.55|0.56,0.8	goc
62	BubbleConfig_62	300.0	3	0.1	0.15	0.3	0.45	0.15,30|0.3,60|0.55,90	0.28,0.43|0.44,0.57|0.58,0.8	goc
63	BubbleConfig_63	180.0	1	0.25	0.35	0.4	0.0		0.45,0.75	goc
64	BubbleConfig_64	240.0	2	0.15	0.25	0.25	0.35		0.35,0.5|0.55,0.8	goc
65	BubbleConfig_65	240.0	2	0.15	0.25	0.25	0.35		0.4,0.55|0.56,0.8	goc
66	BubbleConfig_66	300.0	3	0.1	0.15	0.3	0.45		0.28,0.43|0.44,0.57|0.58,0.8	goc
67	BubbleConfig_67	180.0	1	0.25	0.35	0.4	0.0		0.45,0.75	goc
68	BubbleConfig_68	240.0	2	0.15	0.25	0.25	0.35		0.35,0.5|0.55,0.8	goc
69	BubbleConfig_69	240.0	2	0.15	0.25	0.25	0.35		0.4,0.55|0.56,0.8	goc
70	BubbleConfig_70	300.0	3	0.1	0.15	0.3	0.45	0.1,30|0.3,60|0.55,90	0.28,0.43|0.44,0.57|0.58,0.8	goc
71	BubbleConfig_71	180.0	1	0.25	0.35	0.4	0.0		0.45,0.75	goc
72	BubbleConfig_72	240.0	2	0.15	0.25	0.25	0.35		0.35,0.5|0.55,0.8	goc
73	BubbleConfig_73	240.0	2	0.15	0.25	0.25	0.35		0.4,0.55|0.56,0.8	goc
74	BubbleConfig_74	300.0	3	0.1	0.15	0.3	0.45	0.15,30|0.3,60|0.5,90	0.28,0.43|0.44,0.57|0.58,0.8	goc
75	BubbleConfig_75	180.0	1	0.25	0.35	0.4	0.0	0.25,30|0.5,60	0.45,0.75	goc
76	BubbleConfig_76	240.0	2	0.15	0.25	0.25	0.35		0.35,0.5|0.55,0.8	goc
77	BubbleConfig_77	240.0	2	0.15	0.25	0.25	0.35		0.4,0.55|0.56,0.8	goc
78	BubbleConfig_78	300.0	3	0.1	0.15	0.3	0.45	0.1,30|0.3,60|0.55,90	0.28,0.43|0.44,0.57|0.58,0.8	goc
79	BubbleConfig_79	180.0	1	0.25	0.35	0.4	0.0		0.45,0.75	goc
80	BubbleConfig_80	240.0	2	0.15	0.25	0.25	0.35	0.1,30|0.25,30|0.5,90	0.35,0.5|0.55,0.8	goc
81	BubbleConfig_81	240.0	2	0.15	0.25	0.25	0.35		0.4,0.55|0.56,0.8	goc
82	BubbleConfig_82	300.0	3	0.1	0.15	0.3	0.45	0.2,30|0.3,60|0.5,90	0.28,0.43|0.44,0.57|0.58,0.8	goc
83	BubbleConfig_83	180.0	1	0.25	0.35	0.4	0.0		0.45,0.75	goc
84	BubbleConfig_84	240.0	2	0.15	0.25	0.25	0.35	0.25,30|0.5,60	0.35,0.5|0.55,0.8	goc
85	BubbleConfig_85	240.0	2	0.15	0.25	0.25	0.35		0.4,0.55|0.56,0.8	goc
86	BubbleConfig_86	300.0	3	0.1	0.15	0.3	0.45	0.1,30|0.3,60|0.5,90	0.28,0.43|0.44,0.57|0.58,0.8	goc
87	BubbleConfig_87	180.0	1	0.25	0.35	0.4	0.0		0.45,0.75	goc
88	BubbleConfig_88	240.0	2	0.15	0.25	0.25	0.35		0.35,0.5|0.55,0.8	goc
89	BubbleConfig_89	240.0	2	0.15	0.25	0.25	0.35		0.4,0.55|0.56,0.8	goc
90	BubbleConfig_90	300.0	3	0.1	0.15	0.3	0.45		0.28,0.43|0.44,0.57|0.58,0.8	goc
91	BubbleConfig_91	180.0	1	0.25	0.35	0.4	0.0		0.45,0.75	goc
92	BubbleConfig_92	240.0	2	0.15	0.25	0.25	0.35		0.35,0.5|0.55,0.8	goc
93	BubbleConfig_93	240.0	2	0.15	0.25	0.25	0.35	0.3,30|0.5,60	0.4,0.55|0.56,0.8	goc
94	BubbleConfig_94	300.0	3	0.1	0.15	0.3	0.45	0.15,30|0.35,60|0.5,90	0.28,0.43|0.44,0.57|0.58,0.8	goc
95	BubbleConfig_95	180.0	1	0.25	0.35	0.4	0.0		0.45,0.75	goc
96	BubbleConfig_96	240.0	2	0.15	0.25	0.25	0.35		0.35,0.5|0.55,0.8	goc
97	BubbleConfig_97	240.0	2	0.15	0.25	0.25	0.35	0.25,30|0.5,60	0.4,0.55|0.56,0.8	goc
98	BubbleConfig_98	300.0	3	0.1	0.15	0.3	0.45		0.28,0.43|0.44,0.57|0.58,0.8	goc
99	BubbleConfig_99	180.0	1	0.25	0.35	0.4	0.0		0.45,0.75	goc
100	BubbleConfig_100	240.0	2	0.15	0.25	0.25	0.35		0.35,0.5|0.55,0.8	goc
101	BubbleConfig_101	240.0	2	0.15	0.25	0.25	0.35		0.4,0.55|0.56,0.8	goc
102	BubbleConfig_102	300.0	3	0.1	0.15	0.3	0.45		0.28,0.43|0.44,0.57|0.58,0.8	goc
103	BubbleConfig_103	180.0	1	0.25	0.35	0.4	0.0	0.25,30|0.5,60	0.45,0.75	goc
104	BubbleConfig_104	240.0	2	0.15	0.25	0.25	0.35		0.35,0.5|0.55,0.8	goc
105	BubbleConfig_105	240.0	2	0.15	0.25	0.25	0.35		0.4,0.55|0.56,0.8	goc
106	BubbleConfig_106	300.0	3	0.1	0.15	0.3	0.45	0.15,30|0.3,60|0.5,90	0.28,0.43|0.44,0.57|0.58,0.8	goc
107	BubbleConfig_107	180.0	1	0.25	0.35	0.4	0.0		0.45,0.75	goc
108	BubbleConfig_108	240.0	2	0.15	0.25	0.25	0.35	0.1,30|0.25,30|0.5,90	0.35,0.5|0.55,0.8	goc
109	BubbleConfig_109	240.0	2	0.15	0.25	0.25	0.35		0.4,0.55|0.56,0.8	goc
110	BubbleConfig_110	300.0	3	0.1	0.15	0.3	0.45	0.15,30|0.35,60|0.5,90	0.28,0.43|0.44,0.57|0.58,0.8	goc
111	BubbleConfig_111	180.0	1	0.25	0.35	0.4	0.0		0.45,0.75	goc
112	BubbleConfig_112	240.0	2	0.15	0.25	0.25	0.35		0.35,0.5|0.55,0.8	goc
113	BubbleConfig_113	240.0	2	0.15	0.25	0.25	0.35		0.4,0.55|0.56,0.8	goc
114	BubbleConfig_114	300.0	3	0.1	0.15	0.3	0.45	0.25,30|0.5,60	0.28,0.43|0.44,0.57|0.58,0.8	goc
115	BubbleConfig_115	180.0	1	0.25	0.35	0.4	0.0		0.45,0.75	goc
116	BubbleConfig_116	240.0	2	0.15	0.25	0.25	0.35		0.35,0.5|0.55,0.8	goc
117	BubbleConfig_117	240.0	2	0.15	0.25	0.25	0.35	0.3,30|0.5,60	0.4,0.55|0.56,0.8	goc
118	BubbleConfig_118	300.0	3	0.1	0.15	0.3	0.45		0.28,0.43|0.44,0.57|0.58,0.8	goc
119	BubbleConfig_119	180.0	1	0.25	0.35	0.4	0.0		0.45,0.75	goc
120	BubbleConfig_120	240.0	2	0.15	0.25	0.25	0.35	0.1,30|0.25,30|0.5,90	0.35,0.5|0.55,0.8	goc
121	BubbleConfig_121	240.0	2	0.15	0.25	0.25	0.35		0.4,0.55|0.56,0.8	goc
122	BubbleConfig_122	300.0	3	0.1	0.15	0.3	0.45	0.25,30|0.5,60	0.28,0.43|0.44,0.57|0.58,0.8	goc
123	BubbleConfig_123	180.0	1	0.25	0.35	0.4	0.0		0.45,0.75	goc
124	BubbleConfig_124	240.0	2	0.15	0.25	0.25	0.35	0.1,30|0.25,30|0.5,90	0.35,0.5|0.55,0.8	goc
125	BubbleConfig_125	240.0	2	0.15	0.25	0.25	0.35		0.4,0.55|0.56,0.8	goc
126	BubbleConfig_126	300.0	3	0.1	0.15	0.3	0.45		0.28,0.43|0.44,0.57|0.58,0.8	goc
127	BubbleConfig_127	180.0	1	0.25	0.35	0.4	0.0		0.45,0.75	goc
128	BubbleConfig_128	240.0	2	0.15	0.25	0.25	0.35	0.1,30|0.25,30|0.5,90	0.35,0.5|0.55,0.8	goc
129	BubbleConfig_129	240.0	2	0.15	0.25	0.25	0.35		0.4,0.55|0.56,0.8	goc
130	BubbleConfig_130	300.0	3	0.1	0.15	0.3	0.45	0.25,30|0.5,90	0.28,0.43|0.44,0.57|0.58,0.8	goc
131	BubbleConfig_131	180.0	1	0.25	0.35	0.4	0.0		0.45,0.75	goc
132	BubbleConfig_132	240.0	2	0.15	0.25	0.25	0.35		0.35,0.5|0.55,0.8	goc
133	BubbleConfig_133	240.0	2	0.15	0.25	0.25	0.35		0.4,0.55|0.56,0.8	goc
134	BubbleConfig_134	300.0	3	0.1	0.15	0.3	0.45	0.15,30|0.3,60|0.5,90	0.28,0.43|0.44,0.57|0.58,0.8	goc
135	BubbleConfig_135	180.0	1	0.25	0.35	0.4	0.0	0.1,30|0.4,30|0.5,60	0.45,0.75	goc
136	BubbleConfig_136	240.0	2	0.15	0.25	0.25	0.35	0.1,30|0.25,30|0,5,90	0.35,0.5|0.55,0.8	goc
137	BubbleConfig_137	240.0	2	0.15	0.25	0.25	0.35		0.4,0.55|0.56,0.8	goc
138	BubbleConfig_138	300.0	3	0.1	0.15	0.3	0.45		0.28,0.43|0.44,0.57|0.58,0.8	goc
139	BubbleConfig_139	180.0	1	0.25	0.35	0.4	0.0		0.45,0.75	goc
140	BubbleConfig_140	240.0	2	0.15	0.25	0.25	0.35	0.1,30|0.25,30|0.5,90	0.35,0.5|0.55,0.8	goc
141	BubbleConfig_141	240.0	2	0.15	0.25	0.25	0.35		0.4,0.55|0.56,0.8	goc
142	BubbleConfig_142	300.0	3	0.1	0.15	0.3	0.45	0.25,30|0.35,60|0.5,90	0.28,0.43|0.44,0.57|0.58,0.8	goc
143	BubbleConfig_143	180.0	1	0.25	0.35	0.4	0.0		0.45,0.75	goc
144	BubbleConfig_144	240.0	2	0.15	0.25	0.25	0.35		0.35,0.5|0.55,0.8	goc
145	BubbleConfig_145	240.0	2	0.15	0.25	0.25	0.35		0.4,0.55|0.56,0.8	goc
146	BubbleConfig_146	300.0	3	0.1	0.15	0.3	0.45	0.25,30|0.4,60|0.5,90	0.28,0.43|0.44,0.57|0.58,0.8	goc
147	BubbleConfig_147	180.0	1	0.25	0.35	0.4	0.0		0.45,0.75	goc
148	BubbleConfig_148	240.0	2	0.15	0.25	0.25	0.35	0.1,30|0.25,30|0.5,90	0.35,0.5|0.55,0.8	goc
149	BubbleConfig_149	240.0	2	0.15	0.25	0.25	0.35	0.1,30|0.25,30|0.5,90	0.4,0.55|0.56,0.8	goc
150	BubbleConfig_150	300.0	3	0.1	0.15	0.3	0.45		0.28,0.43|0.44,0.57|0.58,0.8	goc
151	BubbleConfig_151	180.0	1	0.25	0.35	0.4	0.0		0.45,0.75	goc
152	BubbleConfig_152	240.0	2	0.15	0.25	0.25	0.35		0.35,0.5|0.55,0.8	goc
153	BubbleConfig_153	240.0	2	0.15	0.25	0.25	0.35		0.4,0.55|0.56,0.8	goc
154	BubbleConfig_154	300.0	3	0.1	0.15	0.3	0.45		0.28,0.43|0.44,0.57|0.58,0.8	goc
155	BubbleConfig_155	180.0	1	0.25	0.35	0.4	0.0		0.45,0.75	goc
156	BubbleConfig_156	240.0	2	0.15	0.25	0.25	0.35	0.25,30|0.5,60	0.35,0.5|0.55,0.8	goc
157	BubbleConfig_157	240.0	2	0.15	0.25	0.25	0.35		0.4,0.55|0.56,0.8	goc
158	BubbleConfig_158	300.0	3	0.1	0.15	0.3	0.45		0.28,0.43|0.44,0.57|0.58,0.8	goc
159	BubbleConfig_159	180.0	1	0.25	0.35	0.4	0.0		0.45,0.75	goc
160	BubbleConfig_160	240.0	2	0.15	0.25	0.25	0.35	0.2,30|0.5,60	0.35,0.5|0.55,0.8	goc
161	BubbleConfig_161	240.0	2	0.15	0.25	0.25	0.35		0.4,0.55|0.56,0.8	goc
162	BubbleConfig_162	300.0	3	0.1	0.15	0.3	0.45		0.28,0.43|0.44,0.57|0.58,0.8	goc
163	BubbleConfig_163	180.0	1	0.25	0.35	0.4	0.0		0.45,0.75	goc
164	BubbleConfig_164	240.0	2	0.15	0.25	0.25	0.35	0.1,30|0.25,30|0.5,90	0.35,0.5|0.55,0.8	goc
165	BubbleConfig_165	240.0	2	0.15	0.25	0.25	0.35		0.4,0.55|0.56,0.8	goc
166	BubbleConfig_166	300.0	3	0.1	0.15	0.3	0.45		0.28,0.43|0.44,0.57|0.58,0.8	goc
167	BubbleConfig_167	180.0	1	0.25	0.35	0.4	0.0	0.25,30|0.45,60	0.45,0.75	goc
168	BubbleConfig_168	240.0	2	0.15	0.25	0.25	0.35	0.1,30|0.25,30|0.45,90	0.35,0.5|0.55,0.8	goc
169	BubbleConfig_169	240.0	2	0.15	0.25	0.25	0.35	0.25,30|0.5,60	0.4,0.55|0.56,0.8	goc
170	BubbleConfig_170	300.0	3	0.1	0.15	0.3	0.45		0.28,0.43|0.44,0.57|0.58,0.8	goc
171	BubbleConfig_171	180.0	1	0.25	0.35	0.4	0.0		0.45,0.75	goc
172	BubbleConfig_172	240.0	2	0.15	0.25	0.25	0.35	0.1,30|0.25,30|0.5,90	0.35,0.5|0.55,0.8	goc
173	BubbleConfig_173	240.0	2	0.15	0.25	0.25	0.35	0.25,30|0.5,60	0.4,0.55|0.56,0.8	goc
174	BubbleConfig_174	300.0	3	0.1	0.15	0.3	0.45		0.28,0.43|0.44,0.57|0.58,0.8	goc
175	BubbleConfig_175	180.0	1	0.25	0.35	0.4	0.0		0.45,0.75	goc
176	BubbleConfig_176	240.0	2	0.15	0.25	0.25	0.35	0.1,30|0.25,30|0.5,90	0.35,0.5|0.55,0.8	goc
177	BubbleConfig_177	240.0	2	0.15	0.25	0.25	0.35		0.4,0.55|0.56,0.8	goc
178	BubbleConfig_178	300.0	3	0.1	0.15	0.3	0.45		0.28,0.43|0.44,0.57|0.58,0.8	goc
179	BubbleConfig_179	180.0	1	0.25	0.35	0.4	0.0		0.45,0.75	goc
180	BubbleConfig_180	240.0	2	0.15	0.25	0.25	0.35		0.35,0.5|0.55,0.8	goc
181	BubbleConfig_181	240.0	2	0.15	0.25	0.25	0.35	0.2,30|0.5,60	0.4,0.55|0.56,0.8	goc
182	BubbleConfig_182	300.0	3	0.1	0.15	0.3	0.45		0.28,0.43|0.44,0.57|0.58,0.8	goc
183	BubbleConfig_183	180.0	1	0.25	0.35	0.4	0.0		0.45,0.75	goc
184	BubbleConfig_184	240.0	2	0.15	0.25	0.25	0.35		0.35,0.5|0.55,0.8	goc
185	BubbleConfig_185	240.0	2	0.15	0.25	0.25	0.35	0.1,30|0.25,30|0.5,90	0.4,0.55|0.56,0.8	goc
186	BubbleConfig_186	300.0	3	0.1	0.15	0.3	0.45		0.28,0.43|0.44,0.57|0.58,0.8	goc
187	BubbleConfig_187	180.0	1	0.25	0.35	0.4	0.0		0.45,0.75	goc
188	BubbleConfig_188	240.0	2	0.15	0.25	0.25	0.35		0.35,0.5|0.55,0.8	goc
189	BubbleConfig_189	240.0	2	0.15	0.25	0.25	0.35	0.25,30|0.5,60	0.4,0.55|0.56,0.8	goc
190	BubbleConfig_190	300.0	3	0.1	0.15	0.3	0.45		0.28,0.43|0.44,0.57|0.58,0.8	goc
191	BubbleConfig_191	180.0	1	0.25	0.35	0.4	0.0		0.45,0.75	goc
192	BubbleConfig_192	240.0	2	0.15	0.25	0.25	0.35		0.35,0.5|0.55,0.8	goc
193	BubbleConfig_193	240.0	2	0.15	0.25	0.25	0.35		0.4,0.55|0.56,0.8	goc
194	BubbleConfig_194	300.0	3	0.1	0.15	0.3	0.45		0.28,0.43|0.44,0.57|0.58,0.8	goc
195	BubbleConfig_195	180.0	1	0.25	0.35	0.4	0.0		0.45,0.75	goc
196	BubbleConfig_196	240.0	2	0.15	0.25	0.25	0.35	0.1,30|0.25,30|0.5,90	0.35,0.5|0.55,0.8	goc
197	BubbleConfig_197	240.0	2	0.15	0.25	0.25	0.35		0.4,0.55|0.56,0.8	goc
198	BubbleConfig_198	300.0	3	0.1	0.15	0.3	0.45		0.28,0.43|0.44,0.57|0.58,0.8	goc
199	BubbleConfig_199	180.0	1	0.25	0.35	0.4	0.0	0.25,30|0.5,60	0.45,0.75	goc
200	BubbleConfig_200	240.0	2	0.15	0.25	0.25	0.35		0.35,0.5|0.55,0.8	goc
201	BubbleConfig_201	240.0	2	0.15	0.25	0.25	0.35	0.1,30|0.25,30|0.5,90	0.4,0.55|0.56,0.8	goc
202	BubbleConfig_202	300.0	3	0.1	0.15	0.3	0.45		0.28,0.43|0.44,0.57|0.58,0.8	goc
203	BubbleConfig_203	180.0	1	0.25	0.35	0.4	0.0	0.25,30|0.45,60	0.45,0.75	goc
204	BubbleConfig_204	240.0	2	0.15	0.25	0.25	0.35		0.35,0.5|0.55,0.8	goc
205	BubbleConfig_205	240.0	2	0.15	0.25	0.25	0.35		0.4,0.55|0.56,0.8	goc
206	BubbleConfig_206	300.0	3	0.1	0.15	0.3	0.45	0.25,30|0.35,60|0.55,90	0.28,0.43|0.44,0.57|0.58,0.8	goc
207	BubbleConfig_207	180.0	1	0.25	0.35	0.4	0.0		0.45,0.75	goc
208	BubbleConfig_208	240.0	2	0.15	0.25	0.25	0.35		0.35,0.5|0.55,0.8	goc
209	BubbleConfig_209	240.0	2	0.15	0.25	0.25	0.35	0.25,30|0.5,60	0.4,0.55|0.56,0.8	goc
210	BubbleConfig_210	300.0	3	0.1	0.15	0.3	0.45		0.28,0.43|0.44,0.57|0.58,0.8	goc
211	BubbleConfig_211	180.0	1	0.25	0.35	0.4	0.0		0.45,0.75	goc
212	BubbleConfig_212	240.0	2	0.15	0.25	0.25	0.35	0.1,30|0.25,30|0.5,90	0.35,0.5|0.55,0.8	goc
213	BubbleConfig_213	240.0	2	0.15	0.25	0.25	0.35		0.4,0.55|0.56,0.8	goc
214	BubbleConfig_214	300.0	3	0.1	0.15	0.3	0.45	0.25,30|0.5,90	0.28,0.43|0.44,0.57|0.58,0.8	goc
215	BubbleConfig_215	180.0	1	0.25	0.35	0.4	0.0		0.45,0.75	goc
216	BubbleConfig_216	240.0	2	0.15	0.25	0.25	0.35		0.35,0.5|0.55,0.8	goc
217	BubbleConfig_217	240.0	2	0.15	0.25	0.25	0.35	0.1,30|0.25,30|0.5,90	0.4,0.55|0.56,0.8	goc
218	BubbleConfig_218	300.0	3	0.1	0.15	0.3	0.45		0.28,0.43|0.44,0.57|0.58,0.8	goc
219	BubbleConfig_219	180.0	1	0.25	0.35	0.4	0.0		0.45,0.75	goc
220	BubbleConfig_220	240.0	2	0.15	0.25	0.25	0.35	0.25,30|0.5,60	0.35,0.5|0.55,0.8	goc
221	BubbleConfig_221	240.0	2	0.15	0.25	0.25	0.35		0.4,0.55|0.56,0.8	goc
222	BubbleConfig_222	300.0	3	0.1	0.15	0.3	0.45	0.1,30|0.25,30|0.55,90	0.28,0.43|0.44,0.57|0.58,0.8	goc
223	BubbleConfig_223	180.0	1	0.25	0.35	0.4	0.0		0.45,0.75	goc
224	BubbleConfig_224	240.0	2	0.15	0.25	0.25	0.35		0.35,0.5|0.55,0.8	goc
225	BubbleConfig_225	240.0	2	0.15	0.25	0.25	0.35	0.1,30|0.25,30|0.5,90	0.4,0.55|0.56,0.8	goc
226	BubbleConfig_226	300.0	3	0.1	0.15	0.3	0.45		0.28,0.43|0.44,0.57|0.58,0.8	goc
227	BubbleConfig_227	180.0	1	0.25	0.35	0.4	0.0		0.45,0.75	goc
228	BubbleConfig_228	240.0	2	0.15	0.25	0.25	0.35	0.1,30|0.25,30|0.5,90	0.35,0.5|0.55,0.8	goc
229	BubbleConfig_229	240.0	2	0.15	0.25	0.25	0.35		0.4,0.55|0.56,0.8	goc
230	BubbleConfig_230	300.0	3	0.1	0.15	0.3	0.45		0.28,0.43|0.44,0.57|0.58,0.8	goc
231	BubbleConfig_231	180.0	1	0.25	0.35	0.4	0.0		0.45,0.75	goc
232	BubbleConfig_232	240.0	2	0.15	0.25	0.25	0.35		0.35,0.5|0.55,0.8	goc
233	BubbleConfig_233	240.0	2	0.15	0.25	0.25	0.35	0.25,30|0.5,60	0.4,0.55|0.56,0.8	goc
234	BubbleConfig_234	300.0	3	0.1	0.15	0.3	0.45		0.28,0.43|0.44,0.57|0.58,0.8	goc
235	BubbleConfig_235	180.0	1	0.25	0.35	0.4	0.0		0.45,0.75	goc
236	BubbleConfig_236	240.0	2	0.15	0.25	0.25	0.35		0.35,0.5|0.55,0.8	goc
237	BubbleConfig_237	240.0	2	0.15	0.25	0.25	0.35		0.4,0.55|0.56,0.8	goc
238	BubbleConfig_238	300.0	3	0.1	0.15	0.3	0.45		0.28,0.43|0.44,0.57|0.58,0.8	goc
239	BubbleConfig_239	180.0	1	0.25	0.35	0.4	0.0		0.45,0.75	goc
240	BubbleConfig_240	240.0	2	0.15	0.25	0.25	0.35		0.35,0.5|0.55,0.8	goc
241	BubbleConfig_241	240.0	2	0.15	0.25	0.25	0.35	0.25,30|0.5,60	0.4,0.55|0.56,0.8	goc
242	BubbleConfig_242	300.0	3	0.1	0.15	0.3	0.45		0.28,0.43|0.44,0.57|0.58,0.8	goc
243	BubbleConfig_243	180.0	1	0.25	0.35	0.4	0.0		0.45,0.75	goc
244	BubbleConfig_244	240.0	2	0.15	0.25	0.25	0.35	0.1,30|0.25,30|0.5,90	0.35,0.5|0.55,0.8	goc
245	BubbleConfig_245	240.0	2	0.15	0.25	0.25	0.35		0.4,0.55|0.56,0.8	goc
246	BubbleConfig_246	300.0	3	0.1	0.15	0.3	0.45	0.1,30|0.25,30|0.55,90	0.28,0.43|0.44,0.57|0.58,0.8	goc
247	BubbleConfig_247	180.0	1	0.25	0.35	0.4	0.0		0.45,0.75	goc
248	BubbleConfig_248	240.0	2	0.15	0.25	0.25	0.35		0.35,0.5|0.55,0.8	goc
249	BubbleConfig_249	240.0	2	0.15	0.25	0.25	0.35	0.25,30|0.5,60	0.4,0.55|0.56,0.8	goc
250	BubbleConfig_250	300.0	3	0.1	0.15	0.3	0.45		0.28,0.43|0.44,0.57|0.58,0.8	goc
251	BubbleConfig_251	180.0	1	0.25	0.35	0.4	0.0		0.45,0.75	goc
252	BubbleConfig_252	240.0	2	0.15	0.25	0.25	0.35		0.35,0.5|0.55,0.8	goc
253	BubbleConfig_253	240.0	2	0.15	0.25	0.25	0.35		0.4,0.55|0.56,0.8	goc
254	BubbleConfig_254	300.0	3	0.1	0.15	0.3	0.45		0.28,0.43|0.44,0.57|0.58,0.8	goc
255	BubbleConfig_255	180.0	1	0.25	0.35	0.4	0.0		0.45,0.75	goc
256	BubbleConfig_256	240.0	2	0.15	0.25	0.25	0.35		0.35,0.5|0.55,0.8	goc
257	BubbleConfig_257	240.0	2	0.15	0.25	0.25	0.35		0.4,0.55|0.56,0.8	goc
258	BubbleConfig_258	300.0	3	0.1	0.15	0.3	0.45		0.28,0.43|0.44,0.57|0.58,0.8	goc
259	BubbleConfig_259	180.0	1	0.25	0.35	0.4	0.0		0.45,0.75	goc
260	BubbleConfig_260	240.0	2	0.15	0.25	0.25	0.35	0.2,30|0.5,60	0.35,0.5|0.55,0.8	goc
261	BubbleConfig_261	240.0	2	0.15	0.25	0.25	0.35		0.4,0.55|0.56,0.8	goc
262	BubbleConfig_262	300.0	3	0.1	0.15	0.3	0.45		0.28,0.43|0.44,0.57|0.58,0.8	goc
263	BubbleConfig_263	180.0	1	0.25	0.35	0.4	0.0		0.45,0.75	goc
264	BubbleConfig_264	240.0	2	0.15	0.25	0.25	0.35	0.1,30|0.25,30|0.5,90	0.35,0.5|0.55,0.8	goc
265	BubbleConfig_265	240.0	2	0.15	0.25	0.25	0.35		0.4,0.55|0.56,0.8	goc
266	BubbleConfig_266	300.0	3	0.1	0.15	0.3	0.45		0.28,0.43|0.44,0.57|0.58,0.8	goc
267	BubbleConfig_267	180.0	1	0.25	0.35	0.4	0.0		0.45,0.75	goc
268	BubbleConfig_268	240.0	2	0.15	0.25	0.25	0.35		0.35,0.5|0.55,0.8	goc
269	BubbleConfig_269	240.0	2	0.15	0.25	0.25	0.35		0.4,0.55|0.56,0.8	goc
270	BubbleConfig_270	300.0	3	0.1	0.15	0.3	0.45		0.28,0.43|0.44,0.57|0.58,0.8	goc
271	BubbleConfig_271	180.0	1	0.25	0.35	0.4	0.0	0.25,30|0.5,60	0.45,0.75	goc
272	BubbleConfig_272	240.0	2	0.15	0.25	0.25	0.35		0.35,0.5|0.55,0.8	goc
273	BubbleConfig_273	240.0	2	0.15	0.25	0.25	0.35		0.4,0.55|0.56,0.8	goc
274	BubbleConfig_274	300.0	3	0.1	0.15	0.3	0.45		0.28,0.43|0.44,0.57|0.58,0.8	goc
275	BubbleConfig_275	180.0	1	0.25	0.35	0.4	0.0	0.25,30|0.5,60	0.45,0.75	goc
276	BubbleConfig_276	240.0	2	0.15	0.25	0.25	0.35		0.35,0.5|0.55,0.8	goc
277	BubbleConfig_277	240.0	2	0.15	0.25	0.25	0.35		0.4,0.55|0.56,0.8	goc
278	BubbleConfig_278	300.0	3	0.1	0.15	0.3	0.45		0.28,0.43|0.44,0.57|0.58,0.8	goc
279	BubbleConfig_279	180.0	1	0.25	0.35	0.4	0.0		0.45,0.75	goc
280	BubbleConfig_280	240.0	2	0.15	0.25	0.25	0.35		0.35,0.5|0.55,0.8	goc
281	BubbleConfig_281	240.0	2	0.15	0.25	0.25	0.35		0.4,0.55|0.56,0.8	goc
282	BubbleConfig_282	300.0	3	0.1	0.15	0.3	0.45		0.28,0.43|0.44,0.57|0.58,0.8	goc
283	BubbleConfig_283	180.0	1	0.25	0.35	0.4	0.0		0.45,0.75	goc
284	BubbleConfig_284	240.0	2	0.15	0.25	0.25	0.35		0.35,0.5|0.55,0.8	goc
285	BubbleConfig_285	240.0	2	0.15	0.25	0.25	0.35	0.1,30|0.25,30|0.5,90	0.4,0.55|0.56,0.8	goc
286	BubbleConfig_286	300.0	3	0.1	0.15	0.3	0.45		0.28,0.43|0.44,0.57|0.58,0.8	goc
287	BubbleConfig_287	180.0	1	0.25	0.35	0.4	0.0		0.45,0.75	goc
288	BubbleConfig_288	240.0	2	0.15	0.25	0.25	0.35		0.35,0.5|0.55,0.8	goc
289	BubbleConfig_289	240.0	2	0.15	0.25	0.25	0.35		0.4,0.55|0.56,0.8	goc
290	BubbleConfig_290	300.0	3	0.1	0.15	0.3	0.45		0.28,0.43|0.44,0.57|0.58,0.8	goc
291	BubbleConfig_291	180.0	1	0.25	0.35	0.4	0.0		0.45,0.75	goc
292	BubbleConfig_292	240.0	2	0.15	0.25	0.25	0.35		0.35,0.5|0.55,0.8	goc
293	BubbleConfig_293	240.0	2	0.15	0.25	0.25	0.35		0.4,0.55|0.56,0.8	goc
294	BubbleConfig_294	300.0	3	0.1	0.15	0.3	0.45		0.28,0.43|0.44,0.57|0.58,0.8	goc
295	BubbleConfig_295	180.0	1	0.25	0.35	0.4	0.0	0.25,30|0.5,60	0.45,0.75	goc
296	BubbleConfig_296	240.0	2	0.15	0.25	0.25	0.35		0.35,0.5|0.55,0.8	goc
297	BubbleConfig_297	240.0	2	0.15	0.25	0.25	0.35		0.4,0.55|0.56,0.8	goc
298	BubbleConfig_298	300.0	3	0.1	0.15	0.3	0.45		0.28,0.43|0.44,0.57|0.58,0.8	goc
299	BubbleConfig_299	180.0	1	0.25	0.35	0.4	0.0	0.25,30|0.5,60	0.45,0.75	goc
300	BubbleConfig_300	240.0	2	0.15	0.25	0.25	0.35		0.35,0.5|0.55,0.8	goc
301	BubbleConfig_301	240.0	2	0.15	0.25	0.25	0.35		0.4,0.55|0.56,0.8	goc
302	BubbleConfig_302	300.0	3	0.1	0.15	0.3	0.45		0.28,0.43|0.44,0.57|0.58,0.8	goc
303	BubbleConfig_303	180.0	1	0.25	0.35	0.4	0.0		0.45,0.75	goc
304	BubbleConfig_304	240.0	2	0.15	0.25	0.25	0.35		0.35,0.5|0.55,0.8	goc
305	BubbleConfig_305	240.0	2	0.15	0.25	0.25	0.35		0.4,0.55|0.56,0.8	goc
306	BubbleConfig_306	300.0	3	0.1	0.15	0.3	0.45		0.28,0.43|0.44,0.57|0.58,0.8	goc
307	BubbleConfig_307	180.0	1	0.25	0.35	0.4	0.0		0.45,0.75	goc
308	BubbleConfig_308	240.0	2	0.15	0.25	0.25	0.35	0.1,30|0.25,30|0.5,90	0.35,0.5|0.55,0.8	goc
309	BubbleConfig_309	240.0	2	0.15	0.25	0.25	0.35		0.4,0.55|0.56,0.8	goc
310	BubbleConfig_310	300.0	3	0.1	0.15	0.3	0.45		0.28,0.43|0.44,0.57|0.58,0.8	goc
311	BubbleConfig_311	180.0	1	0.25	0.35	0.4	0.0	0.25,30|0.5,60	0.45,0.75	goc
312	BubbleConfig_312	240.0	2	0.15	0.25	0.25	0.35		0.35,0.5|0.55,0.8	goc
313	BubbleConfig_313	240.0	2	0.15	0.25	0.25	0.35		0.4,0.55|0.56,0.8	goc
314	BubbleConfig_314	300.0	3	0.1	0.15	0.3	0.45		0.28,0.43|0.44,0.57|0.58,0.8	goc
315	BubbleConfig_315	180.0	1	0.25	0.35	0.4	0.0	0.15,30|0.5,90	0.45,0.75	goc
316	BubbleConfig_316	240.0	2	0.15	0.25	0.25	0.35		0.35,0.5|0.55,0.8	goc
317	BubbleConfig_317	240.0	2	0.15	0.25	0.25	0.35		0.4,0.55|0.56,0.8	goc
318	BubbleConfig_318	300.0	3	0.1	0.15	0.3	0.45		0.28,0.43|0.44,0.57|0.58,0.8	goc
319	BubbleConfig_319	180.0	1	0.25	0.35	0.4	0.0	0.15,30|0.45,90	0.45,0.75	goc
320	BubbleConfig_320	240.0	2	0.15	0.25	0.25	0.35		0.35,0.5|0.55,0.8	goc
321	BubbleConfig_321	240.0	2	0.15	0.25	0.25	0.35		0.4,0.55|0.56,0.8	goc
322	BubbleConfig_322	300.0	3	0.1	0.15	0.3	0.45		0.28,0.43|0.44,0.57|0.58,0.8	goc
323	BubbleConfig_323	180.0	1	0.25	0.35	0.4	0.0	0.25,30|0.5,60	0.45,0.75	goc
324	BubbleConfig_324	240.0	2	0.15	0.25	0.25	0.35		0.35,0.5|0.55,0.8	goc
325	BubbleConfig_325	240.0	2	0.15	0.25	0.25	0.35		0.4,0.55|0.56,0.8	goc
326	BubbleConfig_326	300.0	3	0.1	0.15	0.3	0.45		0.28,0.43|0.44,0.57|0.58,0.8	goc
327	BubbleConfig_327	180.0	1	0.25	0.35	0.4	0.0		0.45,0.75	goc
328	BubbleConfig_328	240.0	2	0.15	0.25	0.25	0.35		0.35,0.5|0.55,0.8	goc
329	BubbleConfig_329	240.0	2	0.15	0.25	0.25	0.35	0.1,30|0.25,30|0.5,90	0.4,0.55|0.56,0.8	goc
330	BubbleConfig_330	300.0	3	0.1	0.15	0.3	0.45		0.28,0.43|0.44,0.57|0.58,0.8	goc
331	BubbleConfig_331	180.0	1	0.25	0.35	0.4	0.0		0.45,0.75	goc
332	BubbleConfig_332	240.0	2	0.15	0.25	0.25	0.35		0.35,0.5|0.55,0.8	goc
333	BubbleConfig_333	240.0	2	0.15	0.25	0.25	0.35		0.4,0.55|0.56,0.8	goc
334	BubbleConfig_334	300.0	3	0.1	0.15	0.3	0.45		0.28,0.43|0.44,0.57|0.58,0.8	goc
335	BubbleConfig_335	180.0	1	0.25	0.35	0.4	0.0		0.45,0.75	goc
336	BubbleConfig_336	240.0	2	0.15	0.25	0.25	0.35	0.1,30|0.25,30|0.5,90	0.35,0.5|0.55,0.8	goc
337	BubbleConfig_337	240.0	2	0.15	0.25	0.25	0.35		0.4,0.55|0.56,0.8	goc
338	BubbleConfig_338	300.0	3	0.1	0.15	0.3	0.45		0.28,0.43|0.44,0.57|0.58,0.8	goc
339	BubbleConfig_339	180.0	1	0.25	0.35	0.4	0.0		0.45,0.75	goc
340	BubbleConfig_340	240.0	2	0.15	0.25	0.25	0.35		0.35,0.5|0.55,0.8	goc
341	BubbleConfig_341	240.0	2	0.15	0.25	0.25	0.35		0.4,0.55|0.56,0.8	goc
342	BubbleConfig_342	300.0	3	0.1	0.15	0.3	0.45		0.28,0.43|0.44,0.57|0.58,0.8	goc
343	BubbleConfig_343	180.0	1	0.25	0.35	0.4	0.0	0.15,30|0.5,90	0.45,0.75	goc
344	BubbleConfig_344	240.0	2	0.15	0.25	0.25	0.35		0.35,0.5|0.55,0.8	goc
345	BubbleConfig_345	240.0	2	0.15	0.25	0.25	0.35		0.4,0.55|0.56,0.8	goc
346	BubbleConfig_346	300.0	3	0.1	0.15	0.3	0.45		0.28,0.43|0.44,0.57|0.58,0.8	goc
347	BubbleConfig_347	180.0	1	0.25	0.35	0.4	0.0		0.45,0.75	goc
348	BubbleConfig_348	240.0	2	0.15	0.25	0.25	0.35	0.1,30|0.25,30|0.5,90	0.35,0.5|0.55,0.8	goc
349	BubbleConfig_349	240.0	2	0.15	0.25	0.25	0.35		0.4,0.55|0.56,0.8	goc
350	BubbleConfig_350	300.0	3	0.1	0.15	0.3	0.45		0.28,0.43|0.44,0.57|0.58,0.8	goc
351	BubbleConfig_351	180.0	1	0.25	0.35	0.4	0.0	0.25,30|0.5,60	0.45,0.75	goc
352	BubbleConfig_352	240.0	2	0.15	0.25	0.25	0.35		0.35,0.5|0.55,0.8	goc
353	BubbleConfig_353	240.0	2	0.15	0.25	0.25	0.35		0.4,0.55|0.56,0.8	goc
354	BubbleConfig_354	300.0	3	0.1	0.15	0.3	0.45		0.28,0.43|0.44,0.57|0.58,0.8	goc
355	BubbleConfig_355	180.0	1	0.25	0.35	0.4	0.0		0.45,0.75	goc
356	BubbleConfig_356	240.0	2	0.15	0.25	0.25	0.35		0.35,0.5|0.55,0.8	goc
357	BubbleConfig_357	240.0	2	0.15	0.25	0.25	0.35		0.4,0.55|0.56,0.8	goc
358	BubbleConfig_358	300.0	3	0.1	0.15	0.3	0.45	0.1,30|0.25,60|0.5,90	0.28,0.43|0.44,0.57|0.58,0.8	goc
359	BubbleConfig_359	180.0	1	0.25	0.35	0.4	0.0		0.45,0.75	goc
360	BubbleConfig_360	240.0	2	0.15	0.25	0.25	0.35		0.35,0.5|0.55,0.8	goc
361	BubbleConfig_361	240.0	2	0.15	0.25	0.25	0.35	0.1,30|0.25,30|0.5,90	0.4,0.55|0.56,0.8	goc
362	BubbleConfig_362	300.0	3	0.1	0.15	0.3	0.45	0.1,30|0.25,60|0.55,90	0.28,0.43|0.44,0.57|0.58,0.8	goc
363	BubbleConfig_363	180.0	1	0.25	0.35	0.4	0.0		0.45,0.75	goc
364	BubbleConfig_364	240.0	2	0.15	0.25	0.25	0.35		0.35,0.5|0.55,0.8	goc
365	BubbleConfig_365	240.0	2	0.15	0.25	0.25	0.35		0.4,0.55|0.56,0.8	goc
366	BubbleConfig_366	300.0	3	0.1	0.15	0.3	0.45		0.28,0.43|0.44,0.57|0.58,0.8	goc
367	BubbleConfig_367	180.0	1	0.25	0.35	0.4	0.0		0.45,0.75	goc
368	BubbleConfig_368	240.0	2	0.15	0.25	0.25	0.35		0.35,0.5|0.55,0.8	goc
369	BubbleConfig_369	240.0	2	0.15	0.25	0.25	0.35		0.4,0.55|0.56,0.8	goc
370	BubbleConfig_370	300.0	3	0.1	0.15	0.3	0.45		0.28,0.43|0.44,0.57|0.58,0.8	goc
371	BubbleConfig_371	180.0	1	0.25	0.35	0.4	0.0		0.45,0.75	goc
372	BubbleConfig_372	240.0	2	0.15	0.25	0.25	0.35		0.35,0.5|0.55,0.8	goc
373	BubbleConfig_373	240.0	2	0.15	0.25	0.25	0.35		0.4,0.55|0.56,0.8	goc
374	BubbleConfig_374	300.0	3	0.1	0.15	0.3	0.45		0.28,0.43|0.44,0.57|0.58,0.8	goc
375	BubbleConfig_375	180.0	1	0.25	0.35	0.4	0.0		0.45,0.75	goc
376	BubbleConfig_376	240.0	2	0.15	0.25	0.25	0.35		0.35,0.5|0.55,0.8	goc
377	BubbleConfig_377	240.0	2	0.15	0.25	0.25	0.35		0.4,0.55|0.56,0.8	goc
378	BubbleConfig_378	300.0	3	0.1	0.15	0.3	0.45		0.28,0.43|0.44,0.57|0.58,0.8	goc
379	BubbleConfig_379	180.0	1	0.25	0.35	0.4	0.0	0.15,30|0.45,90	0.45,0.75	goc
380	BubbleConfig_380	240.0	2	0.15	0.25	0.25	0.35		0.35,0.5|0.55,0.8	goc
381	BubbleConfig_381	240.0	2	0.15	0.25	0.25	0.35		0.4,0.55|0.56,0.8	goc
382	BubbleConfig_382	300.0	3	0.1	0.15	0.3	0.45		0.28,0.43|0.44,0.57|0.58,0.8	goc
383	BubbleConfig_383	180.0	1	0.25	0.35	0.4	0.0	0.15,30|0.5,90	0.45,0.75	goc
384	BubbleConfig_384	240.0	2	0.15	0.25	0.25	0.35		0.35,0.5|0.55,0.8	goc
385	BubbleConfig_385	240.0	2	0.15	0.25	0.25	0.35		0.4,0.55|0.56,0.8	goc
386	BubbleConfig_386	300.0	3	0.1	0.15	0.3	0.45	0.1,30|0.25,60|0.5,90	0.28,0.43|0.44,0.57|0.58,0.8	goc
387	BubbleConfig_387	180.0	1	0.25	0.35	0.4	0.0		0.45,0.75	goc
388	BubbleConfig_388	240.0	2	0.15	0.25	0.25	0.35		0.35,0.5|0.55,0.8	goc
389	BubbleConfig_389	240.0	2	0.15	0.25	0.25	0.35		0.4,0.55|0.56,0.8	goc
390	BubbleConfig_390	300.0	3	0.1	0.15	0.3	0.45		0.28,0.43|0.44,0.57|0.58,0.8	goc
391	BubbleConfig_391	180.0	1	0.25	0.35	0.4	0.0		0.45,0.75	goc
392	BubbleConfig_392	240.0	2	0.15	0.25	0.25	0.35	0.15,30|0.35,60|0.5,90	0.35,0.5|0.55,0.8	goc
393	BubbleConfig_393	240.0	2	0.15	0.25	0.25	0.35		0.4,0.55|0.56,0.8	goc
394	BubbleConfig_394	300.0	3	0.1	0.15	0.3	0.45		0.28,0.43|0.44,0.57|0.58,0.8	goc
395	BubbleConfig_395	180.0	1	0.25	0.35	0.4	0.0		0.45,0.75	goc
396	BubbleConfig_396	240.0	2	0.15	0.25	0.25	0.35	0.1,30|0.25,30|0.5,90	0.35,0.5|0.55,0.8	goc
397	BubbleConfig_397	240.0	2	0.15	0.25	0.25	0.35		0.4,0.55|0.56,0.8	goc
398	BubbleConfig_398	300.0	3	0.1	0.15	0.3	0.45		0.28,0.43|0.44,0.57|0.58,0.8	goc
399	BubbleConfig_399	180.0	1	0.25	0.35	0.4	0.0		0.45,0.75	goc
400	BubbleConfig_400	240.0	2	0.15	0.25	0.25	0.35		0.35,0.5|0.55,0.8	goc
401	BubbleConfig_401	240.0	2	0.15	0.25	0.25	0.35		0.4,0.55|0.56,0.8	goc
402	BubbleConfig_402	300.0	3	0.1	0.15	0.3	0.45		0.28,0.43|0.44,0.57|0.58,0.8	goc
403	BubbleConfig_403	180.0	1	0.25	0.35	0.4	0.0	0.2,30|0.5,60	0.45,0.75	goc
404	BubbleConfig_404	240.0	2	0.15	0.25	0.25	0.35		0.35,0.5|0.55,0.8	goc
405	BubbleConfig_405	240.0	2	0.15	0.25	0.25	0.35		0.4,0.55|0.56,0.8	goc
406	BubbleConfig_406	300.0	3	0.1	0.15	0.3	0.45		0.28,0.43|0.44,0.57|0.58,0.8	goc
407	BubbleConfig_407	180.0	1	0.25	0.35	0.4	0.0		0.45,0.75	goc
408	BubbleConfig_408	240.0	2	0.15	0.25	0.25	0.35		0.35,0.5|0.55,0.8	goc
409	BubbleConfig_409	240.0	2	0.15	0.25	0.25	0.35		0.4,0.55|0.56,0.8	goc
410	BubbleConfig_410	300.0	3	0.1	0.15	0.3	0.45	0.1,30|0.3,60|0.55,90	0.28,0.43|0.44,0.57|0.58,0.8	goc
411	BubbleConfig_411	180.0	1	0.25	0.35	0.4	0.0		0.45,0.75	goc
412	BubbleConfig_412	240.0	2	0.15	0.25	0.25	0.35		0.35,0.5|0.55,0.8	goc
413	BubbleConfig_413	240.0	2	0.15	0.25	0.25	0.35		0.4,0.55|0.56,0.8	goc
414	BubbleConfig_414	300.0	3	0.1	0.15	0.3	0.45		0.28,0.43|0.44,0.57|0.58,0.8	goc
415	BubbleConfig_415	180.0	1	0.25	0.35	0.4	0.0	0.25,30|0.5,60	0.45,0.75	goc
416	BubbleConfig_416	240.0	2	0.15	0.25	0.25	0.35		0.35,0.5|0.55,0.8	goc
417	BubbleConfig_417	240.0	2	0.15	0.25	0.25	0.35		0.4,0.55|0.56,0.8	goc
418	BubbleConfig_418	300.0	3	0.1	0.15	0.3	0.45		0.28,0.43|0.44,0.57|0.58,0.8	goc
419	BubbleConfig_419	180.0	1	0.25	0.35	0.4	0.0		0.45,0.75	goc
420	BubbleConfig_420	240.0	2	0.15	0.25	0.25	0.35		0.35,0.5|0.55,0.8	goc
421	BubbleConfig_421	240.0	2	0.15	0.25	0.25	0.35		0.4,0.55|0.56,0.8	goc
422	BubbleConfig_422	300.0	3	0.1	0.15	0.3	0.45		0.28,0.43|0.44,0.57|0.58,0.8	goc
423	BubbleConfig_423	180.0	1	0.25	0.35	0.4	0.0		0.45,0.75	goc
424	BubbleConfig_424	240.0	2	0.15	0.25	0.25	0.35		0.35,0.5|0.55,0.8	goc
425	BubbleConfig_425	240.0	2	0.15	0.25	0.25	0.35		0.4,0.55|0.56,0.8	goc
426	BubbleConfig_426	300.0	3	0.1	0.15	0.3	0.45	0.25,30|0.35,60|0.5,90	0.28,0.43|0.44,0.57|0.58,0.8	goc
427	BubbleConfig_427	180.0	1	0.25	0.35	0.4	0.0		0.45,0.75	goc
428	BubbleConfig_428	240.0	2	0.15	0.25	0.25	0.35		0.35,0.5|0.55,0.8	goc
429	BubbleConfig_429	240.0	2	0.15	0.25	0.25	0.35	0.2,30|0.45,60|0.5,90	0.4,0.55|0.56,0.8	goc
430	BubbleConfig_430	300.0	3	0.1	0.15	0.3	0.45		0.28,0.43|0.44,0.57|0.58,0.8	goc
431	BubbleConfig_431	180.0	1	0.25	0.35	0.4	0.0		0.45,0.75	goc
432	BubbleConfig_432	240.0	2	0.15	0.25	0.25	0.35	0.25,30|0.5,90	0.35,0.5|0.55,0.8	goc
433	BubbleConfig_433	240.0	2	0.15	0.25	0.25	0.35		0.4,0.55|0.56,0.8	goc
434	BubbleConfig_434	300.0	3	0.1	0.15	0.3	0.45		0.28,0.43|0.44,0.57|0.58,0.8	goc
435	BubbleConfig_435	180.0	1	0.25	0.35	0.4	0.0		0.45,0.75	goc
436	BubbleConfig_436	240.0	2	0.15	0.25	0.25	0.35		0.35,0.5|0.55,0.8	goc
437	BubbleConfig_437	240.0	2	0.15	0.25	0.25	0.35		0.4,0.55|0.56,0.8	goc
438	BubbleConfig_438	300.0	3	0.1	0.15	0.3	0.45		0.28,0.43|0.44,0.57|0.58,0.8	goc
439	BubbleConfig_439	180.0	1	0.25	0.35	0.4	0.0		0.45,0.75	goc
440	BubbleConfig_440	240.0	2	0.15	0.25	0.25	0.35		0.35,0.5|0.55,0.8	goc
441	BubbleConfig_441	240.0	2	0.15	0.25	0.25	0.35		0.4,0.55|0.56,0.8	goc
442	BubbleConfig_442	300.0	3	0.1	0.15	0.3	0.45		0.28,0.43|0.44,0.57|0.58,0.8	goc
443	BubbleConfig_443	180.0	1	0.25	0.35	0.4	0.0		0.45,0.75	goc
444	BubbleConfig_444	240.0	2	0.15	0.25	0.25	0.35		0.35,0.5|0.55,0.8	goc
445	BubbleConfig_445	240.0	2	0.15	0.25	0.25	0.35		0.4,0.55|0.56,0.8	goc
446	BubbleConfig_446	300.0	3	0.1	0.15	0.3	0.45	0.25,30|0.4,60|0.5,90	0.28,0.43|0.44,0.57|0.58,0.8	goc
447	BubbleConfig_447	180.0	1	0.25	0.35	0.4	0.0		0.45,0.75	goc
448	BubbleConfig_448	240.0	2	0.15	0.25	0.25	0.35		0.35,0.5|0.55,0.8	goc
449	BubbleConfig_449	240.0	2	0.15	0.25	0.25	0.35		0.4,0.55|0.56,0.8	goc
450	BubbleConfig_450	300.0	3	0.1	0.15	0.3	0.45		0.28,0.43|0.44,0.57|0.58,0.8	goc
451	BubbleConfig_451	180.0	1	0.25	0.35	0.4	0.0		0.45,0.75	goc
452	BubbleConfig_452	240.0	2	0.15	0.25	0.25	0.35	0.1,30|0.25,30|0.5,90	0.35,0.5|0.55,0.8	goc
453	BubbleConfig_453	240.0	2	0.15	0.25	0.25	0.35		0.4,0.55|0.56,0.8	goc
454	BubbleConfig_454	300.0	3	0.1	0.15	0.3	0.45		0.28,0.43|0.44,0.57|0.58,0.8	goc
455	BubbleConfig_455	180.0	1	0.25	0.35	0.4	0.0		0.45,0.75	goc
456	BubbleConfig_456	240.0	2	0.15	0.25	0.25	0.35	0.1,30|0.4,60|0.5,90	0.35,0.5|0.55,0.8	goc
457	BubbleConfig_457	240.0	2	0.15	0.25	0.25	0.35		0.4,0.55|0.56,0.8	goc
458	BubbleConfig_458	300.0	3	0.1	0.15	0.3	0.45		0.28,0.43|0.44,0.57|0.58,0.8	goc
459	BubbleConfig_459	180.0	1	0.25	0.35	0.4	0.0	0.15,30|0.45,60	0.45,0.75	goc
460	BubbleConfig_460	240.0	2	0.15	0.25	0.25	0.35		0.35,0.5|0.55,0.8	goc
461	BubbleConfig_461	240.0	2	0.15	0.25	0.25	0.35		0.4,0.55|0.56,0.8	goc
462	BubbleConfig_462	300.0	3	0.1	0.15	0.3	0.45		0.28,0.43|0.44,0.57|0.58,0.8	goc
463	BubbleConfig_463	180.0	1	0.25	0.35	0.4	0.0	0.25,30|0.5,60	0.45,0.75	goc
464	BubbleConfig_464	240.0	2	0.15	0.25	0.25	0.35		0.35,0.5|0.55,0.8	goc
465	BubbleConfig_465	240.0	2	0.15	0.25	0.25	0.35		0.4,0.55|0.56,0.8	goc
466	BubbleConfig_466	300.0	3	0.1	0.15	0.3	0.45		0.28,0.43|0.44,0.57|0.58,0.8	goc
467	BubbleConfig_467	180.0	1	0.25	0.35	0.4	0.0		0.45,0.75	goc
468	BubbleConfig_468	240.0	2	0.15	0.25	0.25	0.35		0.35,0.5|0.55,0.8	goc
469	BubbleConfig_469	240.0	2	0.15	0.25	0.25	0.35		0.4,0.55|0.56,0.8	goc
470	BubbleConfig_470	300.0	3	0.1	0.15	0.3	0.45		0.28,0.43|0.44,0.57|0.58,0.8	goc
471	BubbleConfig_471	180.0	1	0.25	0.35	0.4	0.0		0.45,0.75	goc
472	BubbleConfig_472	240.0	2	0.15	0.25	0.25	0.35		0.35,0.5|0.55,0.8	goc
473	BubbleConfig_473	240.0	2	0.15	0.25	0.25	0.35		0.4,0.55|0.56,0.8	goc
474	BubbleConfig_474	300.0	3	0.1	0.15	0.3	0.45		0.28,0.43|0.44,0.57|0.58,0.8	goc
475	BubbleConfig_475	180.0	1	0.25	0.35	0.4	0.0		0.45,0.75	goc
476	BubbleConfig_476	240.0	2	0.15	0.25	0.25	0.35		0.35,0.5|0.55,0.8	goc
477	BubbleConfig_477	240.0	2	0.15	0.25	0.25	0.35		0.4,0.55|0.56,0.8	goc
478	BubbleConfig_478	300.0	3	0.1	0.15	0.3	0.45		0.28,0.43|0.44,0.57|0.58,0.8	goc
479	BubbleConfig_479	180.0	1	0.25	0.35	0.4	0.0		0.45,0.75	goc
480	BubbleConfig_480	240.0	2	0.15	0.25	0.25	0.35	0.1,30|0.25,30|0.5,90	0.35,0.5|0.55,0.8	goc
481	BubbleConfig_481	240.0	2	0.15	0.25	0.25	0.35		0.4,0.55|0.56,0.8	goc
482	BubbleConfig_482	300.0	3	0.1	0.15	0.3	0.45		0.28,0.43|0.44,0.57|0.58,0.8	goc
483	BubbleConfig_483	180.0	1	0.25	0.35	0.4	0.0		0.45,0.75	goc
484	BubbleConfig_484	240.0	2	0.15	0.25	0.25	0.35		0.35,0.5|0.55,0.8	goc
485	BubbleConfig_485	240.0	2	0.15	0.25	0.25	0.35	0.2,30|0.4,60|0.5,90	0.4,0.55|0.56,0.8	goc
486	BubbleConfig_486	300.0	3	0.1	0.15	0.3	0.45		0.28,0.43|0.44,0.57|0.58,0.8	goc
487	BubbleConfig_487	180.0	1	0.25	0.35	0.4	0.0		0.45,0.75	goc
488	BubbleConfig_488	240.0	2	0.15	0.25	0.25	0.35		0.35,0.5|0.55,0.8	goc
489	BubbleConfig_489	240.0	2	0.15	0.25	0.25	0.35	0.35,60|0.5,90	0.4,0.55|0.56,0.8	goc
490	BubbleConfig_490	300.0	3	0.1	0.15	0.3	0.45		0.28,0.43|0.44,0.57|0.58,0.8	goc
491	BubbleConfig_491	180.0	1	0.25	0.35	0.4	0.0		0.45,0.75	goc
492	BubbleConfig_492	240.0	2	0.15	0.25	0.25	0.35		0.35,0.5|0.55,0.8	goc
493	BubbleConfig_493	240.0	2	0.15	0.25	0.25	0.35		0.4,0.55|0.56,0.8	goc
494	BubbleConfig_494	300.0	3	0.1	0.15	0.3	0.45		0.28,0.43|0.44,0.57|0.58,0.8	goc
495	BubbleConfig_495	180.0	1	0.25	0.35	0.4	0.0		0.45,0.75	goc
496	BubbleConfig_496	240.0	2	0.15	0.25	0.25	0.35	0.2,30|0.35,60|0.5,90	0.35,0.5|0.55,0.8	goc
497	BubbleConfig_497	240.0	2	0.15	0.25	0.25	0.35		0.4,0.55|0.56,0.8	goc
498	BubbleConfig_498	300.0	3	0.1	0.15	0.3	0.45	0.15,30|0.3,60|0.55,90	0.28,0.43|0.44,0.57|0.58,0.8	goc
499	BubbleConfig_499	180.0	1	0.25	0.35	0.4	0.0		0.45,0.75	goc
500	BubbleConfig_500	240.0	2	0.15	0.25	0.25	0.35		0.35,0.5|0.55,0.8	goc
501	BubbleConfig_501	240.0	2	0.15	0.25	0.25	0.35		0.4,0.55|0.56,0.8	goc
502	BubbleConfig_502	300.0	3	0.1	0.15	0.3	0.45		0.28,0.43|0.44,0.57|0.58,0.8	goc
503	BubbleConfig_503	180.0	1	0.25	0.35	0.4	0.0		0.45,0.75	goc
504	BubbleConfig_504	240.0	2	0.15	0.25	0.25	0.35		0.35,0.5|0.55,0.8	goc
505	BubbleConfig_505	240.0	2	0.15	0.25	0.25	0.35	0.2,30|0.4,60|0.5,90	0.4,0.55|0.56,0.8	goc
506	BubbleConfig_506	300.0	3	0.1	0.15	0.3	0.45		0.28,0.43|0.44,0.57|0.58,0.8	goc
507	BubbleConfig_507	180.0	1	0.25	0.35	0.4	0.0		0.45,0.75	goc
508	BubbleConfig_508	240.0	2	0.15	0.25	0.25	0.35		0.35,0.5|0.55,0.8	goc
509	BubbleConfig_509	240.0	2	0.15	0.25	0.25	0.35		0.4,0.55|0.56,0.8	goc
510	BubbleConfig_510	300.0	3	0.1	0.15	0.3	0.45		0.28,0.43|0.44,0.57|0.58,0.8	goc
511	BubbleConfig_511	180.0	1	0.25	0.35	0.4	0.0		0.45,0.75	goc
512	BubbleConfig_512	240.0	2	0.15	0.25	0.25	0.35		0.35,0.5|0.55,0.8	goc
513	BubbleConfig_513	240.0	2	0.15	0.25	0.25	0.35		0.4,0.55|0.56,0.8	goc
514	BubbleConfig_514	300.0	3	0.1	0.15	0.3	0.45		0.28,0.43|0.44,0.57|0.58,0.8	goc
515	BubbleConfig_515	180.0	1	0.25	0.35	0.4	0.0		0.45,0.75	goc
516	BubbleConfig_516	240.0	2	0.15	0.25	0.25	0.35		0.35,0.5|0.55,0.8	goc
517	BubbleConfig_517	240.0	2	0.15	0.25	0.25	0.35		0.4,0.55|0.56,0.8	goc
518	BubbleConfig_518	300.0	3	0.1	0.15	0.3	0.45	0.1,30|0.3,60|0.55,90	0.28,0.43|0.44,0.57|0.58,0.8	goc
519	BubbleConfig_519	180.0	1	0.25	0.35	0.4	0.0		0.45,0.75	goc
520	BubbleConfig_520	240.0	2	0.15	0.25	0.25	0.35		0.35,0.5|0.55,0.8	goc
521	BubbleConfig_521	240.0	2	0.15	0.25	0.25	0.35		0.4,0.55|0.56,0.8	goc
522	BubbleConfig_522	300.0	3	0.1	0.15	0.3	0.45	0.15,30|0.3,60|0.55,90	0.28,0.43|0.44,0.57|0.58,0.8	goc
523	BubbleConfig_523	180.0	1	0.25	0.35	0.4	0.0		0.45,0.75	goc
524	BubbleConfig_524	240.0	2	0.15	0.25	0.25	0.35		0.35,0.5|0.55,0.8	goc
525	BubbleConfig_525	240.0	2	0.15	0.25	0.25	0.35		0.4,0.55|0.56,0.8	goc
526	BubbleConfig_526	300.0	3	0.1	0.15	0.3	0.45		0.28,0.43|0.44,0.57|0.58,0.8	goc
527	BubbleConfig_527	180.0	1	0.25	0.35	0.4	0.0	0.2,30|0.5,60	0.45,0.75	goc
528	BubbleConfig_528	240.0	2	0.15	0.25	0.25	0.35		0.35,0.5|0.55,0.8	goc
529	BubbleConfig_529	240.0	2	0.15	0.25	0.25	0.35		0.4,0.55|0.56,0.8	goc
530	BubbleConfig_530	300.0	3	0.1	0.15	0.3	0.45		0.28,0.43|0.44,0.57|0.58,0.8	goc
531	BubbleConfig_531	180.0	1	0.25	0.35	0.4	0.0		0.45,0.75	goc
532	BubbleConfig_532	240.0	2	0.15	0.25	0.25	0.35		0.35,0.5|0.55,0.8	goc
533	BubbleConfig_533	240.0	2	0.15	0.25	0.25	0.35	0.2,30|0.45,60|0.5,90	0.4,0.55|0.56,0.8	goc
534	BubbleConfig_534	300.0	3	0.1	0.15	0.3	0.45		0.28,0.43|0.44,0.57|0.58,0.8	goc
535	BubbleConfig_535	180.0	1	0.25	0.35	0.4	0.0		0.45,0.75	goc
536	BubbleConfig_536	240.0	2	0.15	0.25	0.25	0.35		0.35,0.5|0.55,0.8	goc
537	BubbleConfig_537	240.0	2	0.15	0.25	0.25	0.35		0.4,0.55|0.56,0.8	goc
538	BubbleConfig_538	300.0	3	0.1	0.15	0.3	0.45		0.28,0.43|0.44,0.57|0.58,0.8	goc
539	BubbleConfig_539	180.0	1	0.25	0.35	0.4	0.0		0.45,0.75	goc
540	BubbleConfig_540	240.0	2	0.15	0.25	0.25	0.35		0.35,0.5|0.55,0.8	goc
541	BubbleConfig_541	240.0	2	0.15	0.25	0.25	0.35		0.4,0.55|0.56,0.8	goc
542	BubbleConfig_542	300.0	3	0.1	0.15	0.3	0.45		0.28,0.43|0.44,0.57|0.58,0.8	goc
543	BubbleConfig_543	180.0	1	0.25	0.35	0.4	0.0		0.45,0.75	goc
544	BubbleConfig_544	240.0	2	0.15	0.25	0.25	0.35		0.35,0.5|0.55,0.8	goc
545	BubbleConfig_545	240.0	2	0.15	0.25	0.25	0.35	0.35,60|0.5,90	0.4,0.55|0.56,0.8	goc
546	BubbleConfig_546	300.0	3	0.1	0.15	0.3	0.45		0.28,0.43|0.44,0.57|0.58,0.8	goc
547	BubbleConfig_547	180.0	1	0.25	0.35	0.4	0.0		0.45,0.75	goc
548	BubbleConfig_548	240.0	2	0.15	0.25	0.25	0.35		0.35,0.5|0.55,0.8	goc
549	BubbleConfig_549	240.0	2	0.15	0.25	0.25	0.35		0.4,0.55|0.56,0.8	goc
550	BubbleConfig_550	300.0	3	0.1	0.15	0.3	0.45		0.28,0.43|0.44,0.57|0.58,0.8	goc
551	BubbleConfig_551	180.0	1	0.25	0.35	0.4	0.0		0.45,0.75	goc
552	BubbleConfig_552	240.0	2	0.15	0.25	0.25	0.35		0.35,0.5|0.55,0.8	goc
553	BubbleConfig_553	240.0	2	0.15	0.25	0.25	0.35		0.4,0.55|0.56,0.8	goc
554	BubbleConfig_554	300.0	3	0.1	0.15	0.3	0.45		0.28,0.43|0.44,0.57|0.58,0.8	goc
555	BubbleConfig_555	180.0	1	0.25	0.35	0.4	0.0		0.45,0.75	goc
556	BubbleConfig_556	240.0	2	0.15	0.25	0.25	0.35	0.1,30|0.4,60|0.5,90	0.35,0.5|0.55,0.8	goc
557	BubbleConfig_557	240.0	2	0.15	0.25	0.25	0.35		0.4,0.55|0.56,0.8	goc
558	BubbleConfig_558	300.0	3	0.1	0.15	0.3	0.45		0.28,0.43|0.44,0.57|0.58,0.8	goc
559	BubbleConfig_559	180.0	1	0.25	0.35	0.4	0.0		0.45,0.75	goc
560	BubbleConfig_560	240.0	2	0.15	0.25	0.25	0.35		0.35,0.5|0.55,0.8	goc
561	BubbleConfig_561	240.0	2	0.15	0.25	0.25	0.35	0.1,30|0.3,60|0.5,90	0.4,0.55|0.56,0.8	goc
562	BubbleConfig_562	300.0	3	0.1	0.15	0.3	0.45		0.28,0.43|0.44,0.57|0.58,0.8	goc
563	BubbleConfig_563	180.0	1	0.25	0.35	0.4	0.0		0.45,0.75	goc
564	BubbleConfig_564	240.0	2	0.15	0.25	0.25	0.35		0.35,0.5|0.55,0.8	goc
565	BubbleConfig_565	240.0	2	0.15	0.25	0.25	0.35	0.2,30|0.45,60|0.5,90	0.4,0.55|0.56,0.8	goc
566	BubbleConfig_566	300.0	3	0.1	0.15	0.3	0.45		0.28,0.43|0.44,0.57|0.58,0.8	goc
567	BubbleConfig_567	180.0	1	0.25	0.35	0.4	0.0		0.45,0.75	goc
568	BubbleConfig_568	240.0	2	0.15	0.25	0.25	0.35		0.35,0.5|0.55,0.8	goc
569	BubbleConfig_569	240.0	2	0.15	0.25	0.25	0.35		0.4,0.55|0.56,0.8	goc
570	BubbleConfig_570	300.0	3	0.1	0.15	0.3	0.45	0.15,30|0.3,60|0.5,90	0.28,0.43|0.44,0.57|0.58,0.8	goc
571	BubbleConfig_571	180.0	1	0.25	0.35	0.4	0.0		0.45,0.75	goc
572	BubbleConfig_572	240.0	2	0.15	0.25	0.25	0.35	0.2,30|0.35,60|0.5,90	0.35,0.5|0.55,0.8	goc
573	BubbleConfig_573	240.0	2	0.15	0.25	0.25	0.35		0.4,0.55|0.56,0.8	goc
574	BubbleConfig_574	300.0	3	0.1	0.15	0.3	0.45	0.15,30|0.3,60|0.55,90	0.28,0.43|0.44,0.57|0.58,0.8	goc
575	BubbleConfig_575	180.0	1	0.25	0.35	0.4	0.0		0.45,0.75	goc
576	BubbleConfig_576	240.0	2	0.15	0.25	0.25	0.35		0.35,0.5|0.55,0.8	goc
577	BubbleConfig_577	240.0	2	0.15	0.25	0.25	0.35		0.4,0.55|0.56,0.8	goc
578	BubbleConfig_578	300.0	3	0.1	0.15	0.3	0.45		0.28,0.43|0.44,0.57|0.58,0.8	goc
579	BubbleConfig_579	180.0	1	0.25	0.35	0.4	0.0		0.45,0.75	goc
580	BubbleConfig_580	240.0	2	0.15	0.25	0.25	0.35		0.35,0.5|0.55,0.8	goc
581	BubbleConfig_581	240.0	2	0.15	0.25	0.25	0.35	0.35,60|0.5,90	0.4,0.55|0.56,0.8	goc
582	BubbleConfig_582	300.0	3	0.1	0.15	0.3	0.45		0.28,0.43|0.44,0.57|0.58,0.8	goc
583	BubbleConfig_583	180.0	1	0.25	0.35	0.4	0.0		0.45,0.75	goc
584	BubbleConfig_584	240.0	2	0.15	0.25	0.25	0.35		0.35,0.5|0.55,0.8	goc
585	BubbleConfig_585	240.0	2	0.15	0.25	0.25	0.35		0.4,0.55|0.56,0.8	goc
586	BubbleConfig_586	300.0	3	0.1	0.15	0.3	0.45	0.2,30|0.4,60|0.55,90	0.28,0.43|0.44,0.57|0.58,0.8	goc
587	BubbleConfig_587	180.0	1	0.25	0.35	0.4	0.0		0.45,0.75	goc
588	BubbleConfig_588	240.0	2	0.15	0.25	0.25	0.35		0.35,0.5|0.55,0.8	goc
589	BubbleConfig_589	240.0	2	0.15	0.25	0.25	0.35		0.4,0.55|0.56,0.8	goc
590	BubbleConfig_590	300.0	3	0.1	0.15	0.3	0.45		0.28,0.43|0.44,0.57|0.58,0.8	goc
591	BubbleConfig_591	180.0	1	0.25	0.35	0.4	0.0		0.45,0.75	goc
592	BubbleConfig_592	240.0	2	0.15	0.25	0.25	0.35		0.35,0.5|0.55,0.8	goc
593	BubbleConfig_593	240.0	2	0.15	0.25	0.25	0.35		0.4,0.55|0.56,0.8	goc
594	BubbleConfig_594	300.0	3	0.1	0.15	0.3	0.45		0.28,0.43|0.44,0.57|0.58,0.8	goc
595	BubbleConfig_595	180.0	1	0.25	0.35	0.4	0.0		0.45,0.75	goc
596	BubbleConfig_596	240.0	2	0.15	0.25	0.25	0.35		0.35,0.5|0.55,0.8	goc
597	BubbleConfig_597	240.0	2	0.15	0.25	0.25	0.35		0.4,0.55|0.56,0.8	goc
598	BubbleConfig_598	300.0	3	0.1	0.15	0.3	0.45		0.28,0.43|0.44,0.57|0.58,0.8	goc
599	BubbleConfig_599	180.0	1	0.25	0.35	0.4	0.0		0.45,0.75	goc
600	BubbleConfig_600	240.0	2	0.15	0.25	0.25	0.35		0.35,0.5|0.55,0.8	goc
601	BubbleConfig_601	240.0	2	0.15	0.25	0.25	0.35		0.4,0.55|0.56,0.8	goc
602	BubbleConfig_602	300.0	3	0.1	0.15	0.3	0.45	0.15,30|0.3,60|0.5,90	0.28,0.43|0.44,0.57|0.58,0.8	goc
603	BubbleConfig_603	180.0	1	0.25	0.35	0.4	0.0		0.45,0.75	goc
604	BubbleConfig_604	240.0	2	0.15	0.25	0.25	0.35		0.35,0.5|0.55,0.8	goc
605	BubbleConfig_605	240.0	2	0.15	0.25	0.25	0.35		0.4,0.55|0.56,0.8	goc
606	BubbleConfig_606	300.0	3	0.1	0.15	0.3	0.45		0.28,0.43|0.44,0.57|0.58,0.8	goc
607	BubbleConfig_607	180.0	1	0.25	0.35	0.4	0.0		0.45,0.75	goc
608	BubbleConfig_608	240.0	2	0.15	0.25	0.25	0.35		0.35,0.5|0.55,0.8	goc
609	BubbleConfig_609	240.0	2	0.15	0.25	0.25	0.35		0.4,0.55|0.56,0.8	goc
610	BubbleConfig_610	300.0	3	0.1	0.15	0.3	0.45		0.28,0.43|0.44,0.57|0.58,0.8	goc
611	BubbleConfig_611	180.0	1	0.25	0.35	0.4	0.0		0.45,0.75	goc
612	BubbleConfig_612	240.0	2	0.15	0.25	0.25	0.35	0.1,30|0.25,30|0.5,90	0.35,0.5|0.55,0.8	goc
613	BubbleConfig_613	240.0	2	0.15	0.25	0.25	0.35		0.4,0.55|0.56,0.8	goc
614	BubbleConfig_614	300.0	3	0.1	0.15	0.3	0.45		0.28,0.43|0.44,0.57|0.58,0.8	goc
615	BubbleConfig_615	180.0	1	0.25	0.35	0.4	0.0		0.45,0.75	goc
616	BubbleConfig_616	240.0	2	0.15	0.25	0.25	0.35		0.35,0.5|0.55,0.8	goc
617	BubbleConfig_617	240.0	2	0.15	0.25	0.25	0.35		0.4,0.55|0.56,0.8	goc
618	BubbleConfig_618	300.0	3	0.1	0.15	0.3	0.45		0.28,0.43|0.44,0.57|0.58,0.8	goc
619	BubbleConfig_619	180.0	1	0.25	0.35	0.4	0.0		0.45,0.75	goc
620	BubbleConfig_620	240.0	2	0.15	0.25	0.25	0.35		0.35,0.5|0.55,0.8	goc
621	BubbleConfig_621	240.0	2	0.15	0.25	0.25	0.35		0.4,0.55|0.56,0.8	goc
622	BubbleConfig_622	300.0	3	0.1	0.15	0.3	0.45		0.28,0.43|0.44,0.57|0.58,0.8	goc
623	BubbleConfig_623	180.0	1	0.25	0.35	0.4	0.0	0.25,30|0.5,60	0.45,0.75	goc
624	BubbleConfig_624	240.0	2	0.15	0.25	0.25	0.35		0.35,0.5|0.55,0.8	goc
625	BubbleConfig_625	240.0	2	0.15	0.25	0.25	0.35		0.4,0.55|0.56,0.8	goc
626	BubbleConfig_626	300.0	3	0.1	0.15	0.3	0.45		0.28,0.43|0.44,0.57|0.58,0.8	goc
627	BubbleConfig_627	180.0	1	0.25	0.35	0.4	0.0		0.45,0.75	goc
628	BubbleConfig_628	240.0	2	0.15	0.25	0.25	0.35		0.35,0.5|0.55,0.8	goc
629	BubbleConfig_629	240.0	2	0.15	0.25	0.25	0.35		0.4,0.55|0.56,0.8	goc
630	BubbleConfig_630	300.0	3	0.1	0.15	0.3	0.45	0.2,30|0.4,60|0.55,90	0.28,0.43|0.44,0.57|0.58,0.8	goc
631	BubbleConfig_631	180.0	1	0.25	0.35	0.4	0.0		0.45,0.75	goc
632	BubbleConfig_632	240.0	2	0.15	0.25	0.25	0.35		0.35,0.5|0.55,0.8	goc
633	BubbleConfig_633	240.0	2	0.15	0.25	0.25	0.35		0.4,0.55|0.56,0.8	goc
634	BubbleConfig_634	300.0	3	0.1	0.15	0.3	0.45		0.28,0.43|0.44,0.57|0.58,0.8	goc
635	BubbleConfig_635	180.0	1	0.25	0.35	0.4	0.0		0.45,0.75	goc
636	BubbleConfig_636	240.0	2	0.15	0.25	0.25	0.35		0.35,0.5|0.55,0.8	goc
637	BubbleConfig_637	240.0	2	0.15	0.25	0.25	0.35		0.4,0.55|0.56,0.8	goc
638	BubbleConfig_638	300.0	3	0.1	0.15	0.3	0.45		0.28,0.43|0.44,0.57|0.58,0.8	goc
639	BubbleConfig_639	180.0	1	0.25	0.35	0.4	0.0		0.45,0.75	goc
640	BubbleConfig_640	240.0	2	0.15	0.25	0.25	0.35	0.25,30|0.5,90	0.35,0.5|0.55,0.8	goc
641	BubbleConfig_641	240.0	2	0.15	0.25	0.25	0.35		0.4,0.55|0.56,0.8	goc
642	BubbleConfig_642	300.0	3	0.1	0.15	0.3	0.45		0.28,0.43|0.44,0.57|0.58,0.8	goc
643	BubbleConfig_643	180.0	1	0.25	0.35	0.4	0.0		0.45,0.75	goc
644	BubbleConfig_644	240.0	2	0.15	0.25	0.25	0.35		0.35,0.5|0.55,0.8	goc
645	BubbleConfig_645	240.0	2	0.15	0.25	0.25	0.35		0.4,0.55|0.56,0.8	goc
646	BubbleConfig_646	300.0	3	0.1	0.15	0.3	0.45		0.28,0.43|0.44,0.57|0.58,0.8	goc
647	BubbleConfig_647	180.0	1	0.25	0.35	0.4	0.0	0.2,30|0.45,60	0.45,0.75	goc
648	BubbleConfig_648	240.0	2	0.15	0.25	0.25	0.35		0.35,0.5|0.55,0.8	goc
649	BubbleConfig_649	240.0	2	0.15	0.25	0.25	0.35		0.4,0.55|0.56,0.8	goc
650	BubbleConfig_650	300.0	3	0.1	0.15	0.3	0.45		0.28,0.43|0.44,0.57|0.58,0.8	goc
651	BubbleConfig_651	180.0	1	0.25	0.35	0.4	0.0		0.45,0.75	goc
652	BubbleConfig_652	240.0	2	0.15	0.25	0.25	0.35		0.35,0.5|0.55,0.8	goc
653	BubbleConfig_653	240.0	2	0.15	0.25	0.25	0.35		0.4,0.55|0.56,0.8	goc
654	BubbleConfig_654	300.0	3	0.1	0.15	0.3	0.45		0.28,0.43|0.44,0.57|0.58,0.8	goc
655	BubbleConfig_655	180.0	1	0.25	0.35	0.4	0.0	0.25,30|0.5,60	0.45,0.75	goc
656	BubbleConfig_656	240.0	2	0.15	0.25	0.25	0.35		0.35,0.5|0.55,0.8	goc
657	BubbleConfig_657	240.0	2	0.15	0.25	0.25	0.35		0.4,0.55|0.56,0.8	goc
658	BubbleConfig_658	300.0	3	0.1	0.15	0.3	0.45		0.28,0.43|0.44,0.57|0.58,0.8	goc
659	BubbleConfig_659	180.0	1	0.25	0.35	0.4	0.0	0.15,30|0.45,60	0.45,0.75	goc
660	BubbleConfig_660	240.0	2	0.15	0.25	0.25	0.35		0.35,0.5|0.55,0.8	goc
661	BubbleConfig_661	240.0	2	0.15	0.25	0.25	0.35		0.4,0.55|0.56,0.8	goc
662	BubbleConfig_662	300.0	3	0.1	0.15	0.3	0.45		0.28,0.43|0.44,0.57|0.58,0.8	goc
663	BubbleConfig_663	180.0	1	0.25	0.35	0.4	0.0		0.45,0.75	goc
664	BubbleConfig_664	240.0	2	0.15	0.25	0.25	0.35	0.1,30|0.4,60|0.5,90	0.35,0.5|0.55,0.8	goc
665	BubbleConfig_665	240.0	2	0.15	0.25	0.25	0.35		0.4,0.55|0.56,0.8	goc
666	BubbleConfig_666	300.0	3	0.1	0.15	0.3	0.45	0.2,30|0.4,60|0.55,90	0.28,0.43|0.44,0.57|0.58,0.8	goc
667	BubbleConfig_667	180.0	1	0.25	0.35	0.4	0.0		0.45,0.75	goc
668	BubbleConfig_668	240.0	2	0.15	0.25	0.25	0.35		0.35,0.5|0.55,0.8	goc
669	BubbleConfig_669	240.0	2	0.15	0.25	0.25	0.35		0.4,0.55|0.56,0.8	goc
670	BubbleConfig_670	300.0	3	0.1	0.15	0.3	0.45		0.28,0.43|0.44,0.57|0.58,0.8	goc
671	BubbleConfig_671	180.0	1	0.25	0.35	0.4	0.0		0.45,0.75	goc
672	BubbleConfig_672	240.0	2	0.15	0.25	0.25	0.35		0.35,0.5|0.55,0.8	goc
673	BubbleConfig_673	240.0	2	0.15	0.25	0.25	0.35		0.4,0.55|0.56,0.8	goc
674	BubbleConfig_674	300.0	3	0.1	0.15	0.3	0.45		0.28,0.43|0.44,0.57|0.58,0.8	goc
675	BubbleConfig_675	180.0	1	0.25	0.35	0.4	0.0		0.45,0.75	goc
676	BubbleConfig_676	240.0	2	0.15	0.25	0.25	0.35		0.35,0.5|0.55,0.8	goc
677	BubbleConfig_677	240.0	2	0.15	0.25	0.25	0.35		0.4,0.55|0.56,0.8	goc
678	BubbleConfig_678	300.0	3	0.1	0.15	0.3	0.45		0.28,0.43|0.44,0.57|0.58,0.8	goc
679	BubbleConfig_679	180.0	1	0.25	0.35	0.4	0.0	0.2,30|0.45,60	0.45,0.75	goc
680	BubbleConfig_680	240.0	2	0.15	0.25	0.25	0.35		0.35,0.5|0.55,0.8	goc
681	BubbleConfig_681	240.0	2	0.15	0.25	0.25	0.35		0.4,0.55|0.56,0.8	goc
682	BubbleConfig_682	300.0	3	0.1	0.15	0.3	0.45		0.28,0.43|0.44,0.57|0.58,0.8	goc
683	BubbleConfig_683	180.0	1	0.25	0.35	0.4	0.0		0.45,0.75	goc
684	BubbleConfig_684	240.0	2	0.15	0.25	0.25	0.35		0.35,0.5|0.55,0.8	goc
685	BubbleConfig_685	240.0	2	0.15	0.25	0.25	0.35	0.2,30|0.45,60|0.5,90	0.4,0.55|0.56,0.8	goc
686	BubbleConfig_686	300.0	3	0.1	0.15	0.3	0.45		0.28,0.43|0.44,0.57|0.58,0.8	goc
687	BubbleConfig_687	180.0	1	0.25	0.35	0.4	0.0		0.45,0.75	goc
688	BubbleConfig_688	240.0	2	0.15	0.25	0.25	0.35		0.35,0.5|0.55,0.8	goc
689	BubbleConfig_689	240.0	2	0.15	0.25	0.25	0.35		0.4,0.55|0.56,0.8	goc
690	BubbleConfig_690	300.0	3	0.1	0.15	0.3	0.45		0.28,0.43|0.44,0.57|0.58,0.8	goc
691	BubbleConfig_691	180.0	1	0.25	0.35	0.4	0.0	0.2,30|0.45,60	0.45,0.75	goc
692	BubbleConfig_692	240.0	2	0.15	0.25	0.25	0.35		0.35,0.5|0.55,0.8	goc
693	BubbleConfig_693	240.0	2	0.15	0.25	0.25	0.35		0.4,0.55|0.56,0.8	goc
694	BubbleConfig_694	300.0	3	0.1	0.15	0.3	0.45		0.28,0.43|0.44,0.57|0.58,0.8	goc
695	BubbleConfig_695	180.0	1	0.25	0.35	0.4	0.0		0.45,0.75	goc
696	BubbleConfig_696	240.0	2	0.15	0.25	0.25	0.35		0.35,0.5|0.55,0.8	goc
697	BubbleConfig_697	240.0	2	0.15	0.25	0.25	0.35	0.2,30|0.4,60|0.5,90	0.4,0.55|0.56,0.8	goc
698	BubbleConfig_698	300.0	3	0.1	0.15	0.3	0.45		0.28,0.43|0.44,0.57|0.58,0.8	goc
699	BubbleConfig_699	180.0	1	0.25	0.35	0.4	0.0		0.45,0.75	goc
700	BubbleConfig_700	240.0	2	0.15	0.25	0.25	0.35	0.2,30|0.35,60|0.5,90	0.35,0.5|0.55,0.8	goc
701	BubbleConfig_701	240.0	2	0.15	0.25	0.25	0.35		0.4,0.55|0.56,0.8	goc
702	BubbleConfig_702	300.0	3	0.1	0.15	0.3	0.45		0.28,0.43|0.44,0.57|0.58,0.8	goc
703	BubbleConfig_703	180.0	1	0.25	0.35	0.4	0.0		0.45,0.75	goc
704	BubbleConfig_704	240.0	2	0.15	0.25	0.25	0.35		0.35,0.5|0.55,0.8	goc
705	BubbleConfig_705	240.0	2	0.15	0.25	0.25	0.35		0.4,0.55|0.56,0.8	goc
706	BubbleConfig_706	300.0	3	0.1	0.15	0.3	0.45		0.28,0.43|0.44,0.57|0.58,0.8	goc
707	BubbleConfig_707	180.0	1	0.25	0.35	0.4	0.0		0.45,0.75	goc
708	BubbleConfig_708	240.0	2	0.15	0.25	0.25	0.35		0.35,0.5|0.55,0.8	goc
709	BubbleConfig_709	240.0	2	0.15	0.25	0.25	0.35		0.4,0.55|0.56,0.8	goc
710	BubbleConfig_710	300.0	3	0.1	0.15	0.3	0.45		0.28,0.43|0.44,0.57|0.58,0.8	goc
711	BubbleConfig_711	180.0	1	0.25	0.35	0.4	0.0		0.45,0.75	goc
712	BubbleConfig_712	240.0	2	0.15	0.25	0.25	0.35		0.35,0.5|0.55,0.8	goc
713	BubbleConfig_713	240.0	2	0.15	0.25	0.25	0.35		0.4,0.55|0.56,0.8	goc
714	BubbleConfig_714	300.0	3	0.1	0.15	0.3	0.45		0.28,0.43|0.44,0.57|0.58,0.8	goc
715	BubbleConfig_715	180.0	1	0.25	0.35	0.4	0.0		0.45,0.75	goc
716	BubbleConfig_716	240.0	2	0.15	0.25	0.25	0.35		0.35,0.5|0.55,0.8	goc
717	BubbleConfig_717	240.0	2	0.15	0.25	0.25	0.35		0.4,0.55|0.56,0.8	goc
718	BubbleConfig_718	300.0	3	0.1	0.15	0.3	0.45		0.28,0.43|0.44,0.57|0.58,0.8	goc
719	BubbleConfig_719	180.0	1	0.25	0.35	0.4	0.0		0.45,0.75	goc
720	BubbleConfig_720	240.0	2	0.15	0.25	0.25	0.35		0.35,0.5|0.55,0.8	goc
721	BubbleConfig_721	240.0	2	0.15	0.25	0.25	0.35		0.4,0.55|0.56,0.8	goc
722	BubbleConfig_722	300.0	3	0.1	0.15	0.3	0.45		0.28,0.43|0.44,0.57|0.58,0.8	goc
723	BubbleConfig_723	180.0	1	0.25	0.35	0.4	0.0		0.45,0.75	goc
724	BubbleConfig_724	240.0	2	0.15	0.25	0.25	0.35		0.35,0.5|0.55,0.8	goc
725	BubbleConfig_725	240.0	2	0.15	0.25	0.25	0.35		0.4,0.55|0.56,0.8	goc
726	BubbleConfig_726	300.0	3	0.1	0.15	0.3	0.45		0.28,0.43|0.44,0.57|0.58,0.8	goc
727	BubbleConfig_727	180.0	1	0.25	0.35	0.4	0.0		0.45,0.75	goc
728	BubbleConfig_728	240.0	2	0.15	0.25	0.25	0.35		0.35,0.5|0.55,0.8	goc
729	BubbleConfig_729	240.0	2	0.15	0.25	0.25	0.35		0.4,0.55|0.56,0.8	goc
730	BubbleConfig_730	300.0	3	0.1	0.15	0.3	0.45		0.28,0.43|0.44,0.57|0.58,0.8	goc
731	BubbleConfig_731	180.0	1	0.25	0.35	0.4	0.0		0.45,0.75	goc
732	BubbleConfig_732	240.0	2	0.15	0.25	0.25	0.35		0.35,0.5|0.55,0.8	goc
733	BubbleConfig_733	240.0	2	0.15	0.25	0.25	0.35		0.4,0.55|0.56,0.8	goc
734	BubbleConfig_734	300.0	3	0.1	0.15	0.3	0.45		0.28,0.43|0.44,0.57|0.58,0.8	goc
735	BubbleConfig_735	180.0	1	0.25	0.35	0.4	0.0		0.45,0.75	goc
736	BubbleConfig_736	240.0	2	0.15	0.25	0.25	0.35		0.35,0.5|0.55,0.8	goc
737	BubbleConfig_737	240.0	2	0.15	0.25	0.25	0.35		0.4,0.55|0.56,0.8	goc
738	BubbleConfig_738	300.0	3	0.1	0.15	0.3	0.45		0.28,0.43|0.44,0.57|0.58,0.8	goc
739	BubbleConfig_739	180.0	1	0.25	0.35	0.4	0.0		0.45,0.75	goc
740	BubbleConfig_740	240.0	2	0.15	0.25	0.25	0.35		0.35,0.5|0.55,0.8	goc
741	BubbleConfig_741	240.0	2	0.15	0.25	0.25	0.35		0.4,0.55|0.56,0.8	goc
742	BubbleConfig_742	300.0	3	0.1	0.15	0.3	0.45		0.28,0.43|0.44,0.57|0.58,0.8	goc
743	BubbleConfig_743	180.0	1	0.25	0.35	0.4	0.0		0.45,0.75	goc
744	BubbleConfig_744	240.0	2	0.15	0.25	0.25	0.35		0.35,0.5|0.55,0.8	goc
745	BubbleConfig_745	240.0	2	0.15	0.25	0.25	0.35		0.4,0.55|0.56,0.8	goc
746	BubbleConfig_746	300.0	3	0.1	0.15	0.3	0.45		0.28,0.43|0.44,0.57|0.58,0.8	goc
747	BubbleConfig_747	180.0	1	0.25	0.35	0.4	0.0		0.45,0.75	goc
748	BubbleConfig_748	240.0	2	0.15	0.25	0.25	0.35		0.35,0.5|0.55,0.8	goc
749	BubbleConfig_749	240.0	2	0.15	0.25	0.25	0.35		0.4,0.55|0.56,0.8	goc
750	BubbleConfig_750	300.0	3	0.1	0.15	0.3	0.45		0.28,0.43|0.44,0.57|0.58,0.8	goc
751	BubbleConfig_751	180.0	1	0.25	0.35	0.4	0.0		0.45,0.75	goc
752	BubbleConfig_752	240.0	2	0.15	0.25	0.25	0.35		0.35,0.5|0.55,0.8	goc
753	BubbleConfig_753	240.0	2	0.15	0.25	0.25	0.35		0.4,0.55|0.56,0.8	goc
754	BubbleConfig_754	300.0	3	0.1	0.15	0.3	0.45		0.28,0.43|0.44,0.57|0.58,0.8	goc
755	BubbleConfig_755	180.0	1	0.25	0.35	0.4	0.0		0.45,0.75	goc
756	BubbleConfig_756	240.0	2	0.15	0.25	0.25	0.35		0.35,0.5|0.55,0.8	goc
757	BubbleConfig_757	240.0	2	0.15	0.25	0.25	0.35		0.4,0.55|0.56,0.8	goc
758	BubbleConfig_758	300.0	3	0.1	0.15	0.3	0.45		0.28,0.43|0.44,0.57|0.58,0.8	goc
759	BubbleConfig_759	180.0	1	0.25	0.35	0.4	0.0		0.45,0.75	goc
760	BubbleConfig_760	240.0	2	0.15	0.25	0.25	0.35		0.35,0.5|0.55,0.8	goc
761	BubbleConfig_761	240.0	2	0.15	0.25	0.25	0.35		0.4,0.55|0.56,0.8	goc
762	BubbleConfig_762	300.0	3	0.1	0.15	0.3	0.45		0.28,0.43|0.44,0.57|0.58,0.8	goc
763	BubbleConfig_763	180.0	1	0.25	0.35	0.4	0.0		0.45,0.75	goc
764	BubbleConfig_764	240.0	2	0.15	0.25	0.25	0.35		0.35,0.5|0.55,0.8	goc
765	BubbleConfig_765	240.0	2	0.15	0.25	0.25	0.35		0.4,0.55|0.56,0.8	goc
766	BubbleConfig_766	300.0	3	0.1	0.15	0.3	0.45		0.28,0.43|0.44,0.57|0.58,0.8	goc
767	BubbleConfig_767	180.0	1	0.25	0.35	0.4	0.0		0.45,0.75	goc
768	BubbleConfig_768	240.0	2	0.15	0.25	0.25	0.35		0.35,0.5|0.55,0.8	goc
769	BubbleConfig_769	240.0	2	0.15	0.25	0.25	0.35		0.4,0.55|0.56,0.8	goc
770	BubbleConfig_770	300.0	3	0.1	0.15	0.3	0.45		0.28,0.43|0.44,0.57|0.58,0.8	goc
771	BubbleConfig_771	180.0	1	0.25	0.35	0.4	0.0		0.45,0.75	goc
772	BubbleConfig_772	240.0	2	0.15	0.25	0.25	0.35		0.35,0.5|0.55,0.8	goc
773	BubbleConfig_773	240.0	2	0.15	0.25	0.25	0.35		0.4,0.55|0.56,0.8	goc
774	BubbleConfig_774	300.0	3	0.1	0.15	0.3	0.45		0.28,0.43|0.44,0.57|0.58,0.8	goc
775	BubbleConfig_775	180.0	1	0.25	0.35	0.4	0.0		0.45,0.75	goc
776	BubbleConfig_776	240.0	2	0.15	0.25	0.25	0.35		0.35,0.5|0.55,0.8	goc
777	BubbleConfig_777	240.0	2	0.15	0.25	0.25	0.35		0.4,0.55|0.56,0.8	goc
778	BubbleConfig_778	300.0	3	0.1	0.15	0.3	0.45		0.28,0.43|0.44,0.57|0.58,0.8	goc
779	BubbleConfig_779	180.0	1	0.25	0.35	0.4	0.0		0.45,0.75	goc
780	BubbleConfig_780	240.0	2	0.15	0.25	0.25	0.35		0.35,0.5|0.55,0.8	goc
781	BubbleConfig_781	240.0	2	0.15	0.25	0.25	0.35		0.4,0.55|0.56,0.8	goc
782	BubbleConfig_782	300.0	3	0.1	0.15	0.3	0.45		0.28,0.43|0.44,0.57|0.58,0.8	goc
783	BubbleConfig_783	180.0	1	0.25	0.35	0.4	0.0		0.45,0.75	goc
784	BubbleConfig_784	240.0	2	0.15	0.25	0.25	0.35		0.35,0.5|0.55,0.8	goc
785	BubbleConfig_785	240.0	2	0.15	0.25	0.25	0.35		0.4,0.55|0.56,0.8	goc
786	BubbleConfig_786	300.0	3	0.1	0.15	0.3	0.45		0.28,0.43|0.44,0.57|0.58,0.8	goc
787	BubbleConfig_787	180.0	1	0.25	0.35	0.4	0.0		0.45,0.75	goc
788	BubbleConfig_788	240.0	2	0.15	0.25	0.25	0.35		0.35,0.5|0.55,0.8	goc
789	BubbleConfig_789	240.0	2	0.15	0.25	0.25	0.35		0.4,0.55|0.56,0.8	goc
790	BubbleConfig_790	300.0	3	0.1	0.15	0.3	0.45		0.28,0.43|0.44,0.57|0.58,0.8	goc
791	BubbleConfig_791	180.0	1	0.25	0.35	0.4	0.0		0.45,0.75	goc
792	BubbleConfig_792	240.0	2	0.15	0.25	0.25	0.35		0.35,0.5|0.55,0.8	goc
793	BubbleConfig_793	240.0	2	0.15	0.25	0.25	0.35		0.4,0.55|0.56,0.8	goc
794	BubbleConfig_794	300.0	3	0.1	0.15	0.3	0.45		0.28,0.43|0.44,0.57|0.58,0.8	goc
795	BubbleConfig_795	180.0	1	0.25	0.35	0.4	0.0		0.45,0.75	goc
796	BubbleConfig_796	240.0	2	0.15	0.25	0.25	0.35		0.35,0.5|0.55,0.8	goc
797	BubbleConfig_797	240.0	2	0.15	0.25	0.25	0.35		0.4,0.55|0.56,0.8	goc
798	BubbleConfig_798	300.0	3	0.1	0.15	0.3	0.45		0.28,0.43|0.44,0.57|0.58,0.8	goc
799	BubbleConfig_799	180.0	1	0.25	0.35	0.4	0.0		0.45,0.75	goc
800	BubbleConfig_800	240.0	2	0.15	0.25	0.25	0.35		0.35,0.5|0.55,0.8	goc
801	BubbleConfig_801	240.0	2	0.15	0.25	0.25	0.35		0.4,0.55|0.56,0.8	goc
802	BubbleConfig_802	300.0	3	0.1	0.15	0.3	0.45		0.28,0.43|0.44,0.57|0.58,0.8	goc
803	BubbleConfig_803	180.0	1	0.25	0.35	0.4	0.0		0.45,0.75	goc
804	BubbleConfig_804	240.0	2	0.15	0.25	0.25	0.35		0.35,0.5|0.55,0.8	goc
805	BubbleConfig_805	240.0	2	0.15	0.25	0.25	0.35		0.4,0.55|0.56,0.8	goc
806	BubbleConfig_806	300.0	3	0.1	0.15	0.3	0.45		0.28,0.43|0.44,0.57|0.58,0.8	goc
807	BubbleConfig_807	180.0	1	0.25	0.35	0.4	0.0		0.45,0.75	goc
808	BubbleConfig_808	240.0	2	0.15	0.25	0.25	0.35		0.35,0.5|0.55,0.8	goc
809	BubbleConfig_809	240.0	2	0.15	0.25	0.25	0.35		0.4,0.55|0.56,0.8	goc
810	BubbleConfig_810	300.0	3	0.1	0.15	0.3	0.45		0.28,0.43|0.44,0.57|0.58,0.8	goc
811	BubbleConfig_811	180.0	1	0.25	0.35	0.4	0.0		0.45,0.75	goc
812	BubbleConfig_812	240.0	2	0.15	0.25	0.25	0.35		0.35,0.5|0.55,0.8	goc
813	BubbleConfig_813	240.0	2	0.15	0.25	0.25	0.35		0.4,0.55|0.56,0.8	goc
814	BubbleConfig_814	300.0	3	0.1	0.15	0.3	0.45		0.28,0.43|0.44,0.57|0.58,0.8	goc
815	BubbleConfig_815	180.0	1	0.25	0.35	0.4	0.0		0.45,0.75	goc
816	BubbleConfig_816	240.0	2	0.15	0.25	0.25	0.35		0.35,0.5|0.55,0.8	goc
817	BubbleConfig_817	240.0	2	0.15	0.25	0.25	0.35		0.4,0.55|0.56,0.8	goc
818	BubbleConfig_818	300.0	3	0.1	0.15	0.3	0.45		0.28,0.43|0.44,0.57|0.58,0.8	goc
819	BubbleConfig_819	180.0	1	0.25	0.35	0.4	0.0		0.45,0.75	goc
820	BubbleConfig_820	240.0	2	0.15	0.25	0.25	0.35		0.35,0.5|0.55,0.8	goc
821	BubbleConfig_821	240.0	2	0.15	0.25	0.25	0.35		0.4,0.55|0.56,0.8	goc
822	BubbleConfig_822	300.0	3	0.1	0.15	0.3	0.45		0.28,0.43|0.44,0.57|0.58,0.8	goc
823	BubbleConfig_823	180.0	1	0.25	0.35	0.4	0.0		0.45,0.75	goc
824	BubbleConfig_824	240.0	2	0.15	0.25	0.25	0.35		0.35,0.5|0.55,0.8	goc
825	BubbleConfig_825	240.0	2	0.15	0.25	0.25	0.35		0.4,0.55|0.56,0.8	goc
826	BubbleConfig_826	300.0	3	0.1	0.15	0.3	0.45		0.28,0.43|0.44,0.57|0.58,0.8	goc
827	BubbleConfig_827	180.0	1	0.25	0.35	0.4	0.0		0.45,0.75	goc
828	BubbleConfig_828	240.0	2	0.15	0.25	0.25	0.35		0.35,0.5|0.55,0.8	goc
829	BubbleConfig_829	240.0	2	0.15	0.25	0.25	0.35		0.4,0.55|0.56,0.8	goc
830	BubbleConfig_830	300.0	3	0.1	0.15	0.3	0.45		0.28,0.43|0.44,0.57|0.58,0.8	goc
831	BubbleConfig_831	180.0	1	0.25	0.35	0.4	0.0		0.45,0.75	goc
832	BubbleConfig_832	240.0	2	0.15	0.25	0.25	0.35		0.35,0.5|0.55,0.8	goc
833	BubbleConfig_833	240.0	2	0.15	0.25	0.25	0.35		0.4,0.55|0.56,0.8	goc
834	BubbleConfig_834	300.0	3	0.1	0.15	0.3	0.45		0.28,0.43|0.44,0.57|0.58,0.8	goc
835	BubbleConfig_835	180.0	1	0.25	0.35	0.4	0.0		0.45,0.75	goc
836	BubbleConfig_836	240.0	2	0.15	0.25	0.25	0.35		0.35,0.5|0.55,0.8	goc
837	BubbleConfig_837	240.0	2	0.15	0.25	0.25	0.35		0.4,0.55|0.56,0.8	goc
838	BubbleConfig_838	300.0	3	0.1	0.15	0.3	0.45		0.28,0.43|0.44,0.57|0.58,0.8	goc
839	BubbleConfig_839	180.0	1	0.25	0.35	0.4	0.0		0.45,0.75	goc
840	BubbleConfig_840	240.0	2	0.15	0.25	0.25	0.35		0.35,0.5|0.55,0.8	goc
841	BubbleConfig_841	240.0	2	0.15	0.25	0.25	0.35		0.4,0.55|0.56,0.8	goc
842	BubbleConfig_842	300.0	3	0.1	0.15	0.3	0.45		0.28,0.43|0.44,0.57|0.58,0.8	goc
843	BubbleConfig_843	180.0	1	0.25	0.35	0.4	0.0		0.45,0.75	goc
844	BubbleConfig_844	240.0	2	0.15	0.25	0.25	0.35		0.35,0.5|0.55,0.8	goc
845	BubbleConfig_845	240.0	2	0.15	0.25	0.25	0.35		0.4,0.55|0.56,0.8	goc
846	BubbleConfig_846	300.0	3	0.1	0.15	0.3	0.45		0.28,0.43|0.44,0.57|0.58,0.8	goc
847	BubbleConfig_847	180.0	1	0.25	0.35	0.4	0.0		0.45,0.75	goc
848	BubbleConfig_848	240.0	2	0.15	0.25	0.25	0.35		0.35,0.5|0.55,0.8	goc
849	BubbleConfig_849	240.0	2	0.15	0.25	0.25	0.35		0.4,0.55|0.56,0.8	goc
850	BubbleConfig_850	300.0	3	0.1	0.15	0.3	0.45		0.28,0.43|0.44,0.57|0.58,0.8	goc
851	BubbleConfig_851	180.0	1	0.25	0.35	0.4	0.0		0.45,0.75	goc
852	BubbleConfig_852	240.0	2	0.15	0.25	0.25	0.35		0.35,0.5|0.55,0.8	goc
853	BubbleConfig_853	240.0	2	0.15	0.25	0.25	0.35		0.4,0.55|0.56,0.8	goc
854	BubbleConfig_854	300.0	3	0.1	0.15	0.3	0.45		0.28,0.43|0.44,0.57|0.58,0.8	goc
855	BubbleConfig_855	180.0	1	0.25	0.35	0.4	0.0		0.45,0.75	goc
856	BubbleConfig_856	240.0	2	0.15	0.25	0.25	0.35		0.35,0.5|0.55,0.8	goc
857	BubbleConfig_857	240.0	2	0.15	0.25	0.25	0.35		0.4,0.55|0.56,0.8	goc
858	BubbleConfig_858	300.0	3	0.1	0.15	0.3	0.45		0.28,0.43|0.44,0.57|0.58,0.8	goc
859	BubbleConfig_859	180.0	1	0.25	0.35	0.4	0.0		0.45,0.75	goc
860	BubbleConfig_860	240.0	2	0.15	0.25	0.25	0.35		0.35,0.5|0.55,0.8	goc
861	BubbleConfig_861	240.0	2	0.15	0.25	0.25	0.35		0.4,0.55|0.56,0.8	goc
862	BubbleConfig_862	300.0	3	0.1	0.15	0.3	0.45		0.28,0.43|0.44,0.57|0.58,0.8	goc
863	BubbleConfig_863	180.0	1	0.25	0.35	0.4	0.0		0.45,0.75	goc
864	BubbleConfig_864	240.0	2	0.15	0.25	0.25	0.35		0.35,0.5|0.55,0.8	goc
865	BubbleConfig_865	240.0	2	0.15	0.25	0.25	0.35		0.4,0.55|0.56,0.8	goc
866	BubbleConfig_866	300.0	3	0.1	0.15	0.3	0.45		0.28,0.43|0.44,0.57|0.58,0.8	goc
867	BubbleConfig_867	180.0	1	0.25	0.35	0.4	0.0		0.45,0.75	goc
868	BubbleConfig_868	240.0	2	0.15	0.25	0.25	0.35		0.35,0.5|0.55,0.8	goc
869	BubbleConfig_869	240.0	2	0.15	0.25	0.25	0.35		0.4,0.55|0.56,0.8	goc
870	BubbleConfig_870	300.0	3	0.1	0.15	0.3	0.45		0.28,0.43|0.44,0.57|0.58,0.8	goc
871	BubbleConfig_871	180.0	1	0.25	0.35	0.4	0.0		0.45,0.75	goc
872	BubbleConfig_872	240.0	2	0.15	0.25	0.25	0.35		0.35,0.5|0.55,0.8	goc
873	BubbleConfig_873	240.0	2	0.15	0.25	0.25	0.35		0.4,0.55|0.56,0.8	goc
874	BubbleConfig_874	300.0	3	0.1	0.15	0.3	0.45		0.28,0.43|0.44,0.57|0.58,0.8	goc
875	BubbleConfig_875	180.0	1	0.25	0.35	0.4	0.0		0.45,0.75	goc
876	BubbleConfig_876	240.0	2	0.15	0.25	0.25	0.35		0.35,0.5|0.55,0.8	goc
877	BubbleConfig_877	240.0	2	0.15	0.25	0.25	0.35		0.4,0.55|0.56,0.8	goc
878	BubbleConfig_878	300.0	3	0.1	0.15	0.3	0.45		0.28,0.43|0.44,0.57|0.58,0.8	goc
879	BubbleConfig_879	180.0	1	0.25	0.35	0.4	0.0		0.45,0.75	goc
880	BubbleConfig_880	240.0	2	0.15	0.25	0.25	0.35		0.35,0.5|0.55,0.8	goc
881	BubbleConfig_881	240.0	2	0.15	0.25	0.25	0.35		0.4,0.55|0.56,0.8	goc
882	BubbleConfig_882	300.0	3	0.1	0.15	0.3	0.45		0.28,0.43|0.44,0.57|0.58,0.8	goc
883	BubbleConfig_883	180.0	1	0.25	0.35	0.4	0.0		0.45,0.75	goc
884	BubbleConfig_884	240.0	2	0.15	0.25	0.25	0.35		0.35,0.5|0.55,0.8	goc
885	BubbleConfig_885	240.0	2	0.15	0.25	0.25	0.35		0.4,0.55|0.56,0.8	goc
886	BubbleConfig_886	300.0	3	0.1	0.15	0.3	0.45		0.28,0.43|0.44,0.57|0.58,0.8	goc
887	BubbleConfig_887	180.0	1	0.25	0.35	0.4	0.0		0.45,0.75	goc
888	BubbleConfig_888	240.0	2	0.15	0.25	0.25	0.35		0.35,0.5|0.55,0.8	goc
889	BubbleConfig_889	240.0	2	0.15	0.25	0.25	0.35		0.4,0.55|0.56,0.8	goc
890	BubbleConfig_890	300.0	3	0.1	0.15	0.3	0.45		0.28,0.43|0.44,0.57|0.58,0.8	goc
891	BubbleConfig_891	180.0	1	0.25	0.35	0.4	0.0		0.45,0.75	goc
892	BubbleConfig_892	240.0	2	0.15	0.25	0.25	0.35		0.35,0.5|0.55,0.8	goc
893	BubbleConfig_893	240.0	2	0.15	0.25	0.25	0.35		0.4,0.55|0.56,0.8	goc
894	BubbleConfig_894	300.0	3	0.1	0.15	0.3	0.45		0.28,0.43|0.44,0.57|0.58,0.8	goc
895	BubbleConfig_895	180.0	1	0.25	0.35	0.4	0.0		0.45,0.75	goc
896	BubbleConfig_896	240.0	2	0.15	0.25	0.25	0.35		0.35,0.5|0.55,0.8	goc
897	BubbleConfig_897	240.0	2	0.15	0.25	0.25	0.35		0.4,0.55|0.56,0.8	goc
898	BubbleConfig_898	300.0	3	0.1	0.15	0.3	0.45		0.28,0.43|0.44,0.57|0.58,0.8	goc
899	BubbleConfig_899	180.0	1	0.25	0.35	0.4	0.0		0.45,0.75	goc
900	BubbleConfig_900	240.0	2	0.15	0.25	0.25	0.35		0.35,0.5|0.55,0.8	goc
901	BubbleConfig_901	240.0	2	0.15	0.25	0.25	0.35		0.4,0.55|0.56,0.8	goc
902	BubbleConfig_902	300.0	3	0.1	0.15	0.3	0.45		0.28,0.43|0.44,0.57|0.58,0.8	goc
903	BubbleConfig_903	180.0	1	0.25	0.35	0.4	0.0		0.45,0.75	goc
904	BubbleConfig_904	240.0	2	0.15	0.25	0.25	0.35		0.35,0.5|0.55,0.8	goc
905	BubbleConfig_905	240.0	2	0.15	0.25	0.25	0.35		0.4,0.55|0.56,0.8	goc
906	BubbleConfig_906	300.0	3	0.1	0.15	0.3	0.45		0.28,0.43|0.44,0.57|0.58,0.8	goc
907	BubbleConfig_907	180.0	1	0.25	0.35	0.4	0.0		0.45,0.75	goc
908	BubbleConfig_908	240.0	2	0.15	0.25	0.25	0.35		0.35,0.5|0.55,0.8	goc
909	BubbleConfig_909	240.0	2	0.15	0.25	0.25	0.35		0.4,0.55|0.56,0.8	goc
910	BubbleConfig_910	300.0	3	0.1	0.15	0.3	0.45		0.28,0.43|0.44,0.57|0.58,0.8	goc
911	BubbleConfig_911	180.0	1	0.25	0.35	0.4	0.0		0.45,0.75	goc
912	BubbleConfig_912	240.0	2	0.15	0.25	0.25	0.35		0.35,0.5|0.55,0.8	goc
913	BubbleConfig_913	240.0	2	0.15	0.25	0.25	0.35		0.4,0.55|0.56,0.8	goc
914	BubbleConfig_914	300.0	3	0.1	0.15	0.3	0.45		0.28,0.43|0.44,0.57|0.58,0.8	goc
915	BubbleConfig_915	180.0	1	0.25	0.35	0.4	0.0		0.45,0.75	goc
916	BubbleConfig_916	240.0	2	0.15	0.25	0.25	0.35		0.35,0.5|0.55,0.8	goc
917	BubbleConfig_917	240.0	2	0.15	0.25	0.25	0.35		0.4,0.55|0.56,0.8	goc
918	BubbleConfig_918	300.0	3	0.1	0.15	0.3	0.45		0.28,0.43|0.44,0.57|0.58,0.8	goc
919	BubbleConfig_919	180.0	1	0.25	0.35	0.4	0.0		0.45,0.75	goc
920	BubbleConfig_920	240.0	2	0.15	0.25	0.25	0.35		0.35,0.5|0.55,0.8	goc
921	BubbleConfig_921	240.0	2	0.15	0.25	0.25	0.35		0.4,0.55|0.56,0.8	goc
922	BubbleConfig_922	300.0	3	0.1	0.15	0.3	0.45		0.28,0.43|0.44,0.57|0.58,0.8	goc
923	BubbleConfig_923	180.0	1	0.25	0.35	0.4	0.0		0.45,0.75	goc
924	BubbleConfig_924	240.0	2	0.15	0.25	0.25	0.35		0.35,0.5|0.55,0.8	goc
925	BubbleConfig_925	240.0	2	0.15	0.25	0.25	0.35		0.4,0.55|0.56,0.8	goc
926	BubbleConfig_926	300.0	3	0.1	0.15	0.3	0.45		0.28,0.43|0.44,0.57|0.58,0.8	goc
927	BubbleConfig_927	180.0	1	0.25	0.35	0.4	0.0		0.45,0.75	goc
928	BubbleConfig_928	240.0	2	0.15	0.25	0.25	0.35		0.35,0.5|0.55,0.8	goc
929	BubbleConfig_929	240.0	2	0.15	0.25	0.25	0.35		0.4,0.55|0.56,0.8	goc
930	BubbleConfig_930	300.0	3	0.1	0.15	0.3	0.45		0.28,0.43|0.44,0.57|0.58,0.8	goc
931	BubbleConfig_931	180.0	1	0.25	0.35	0.4	0.0		0.45,0.75	goc
932	BubbleConfig_932	240.0	2	0.15	0.25	0.25	0.35		0.35,0.5|0.55,0.8	goc
933	BubbleConfig_933	240.0	2	0.15	0.25	0.25	0.35		0.4,0.55|0.56,0.8	goc
934	BubbleConfig_934	300.0	3	0.1	0.15	0.3	0.45		0.28,0.43|0.44,0.57|0.58,0.8	goc
935	BubbleConfig_935	180.0	1	0.25	0.35	0.4	0.0		0.45,0.75	goc
936	BubbleConfig_936	240.0	2	0.15	0.25	0.25	0.35		0.35,0.5|0.55,0.8	goc
937	BubbleConfig_937	240.0	2	0.15	0.25	0.25	0.35		0.4,0.55|0.56,0.8	goc
938	BubbleConfig_938	300.0	3	0.1	0.15	0.3	0.45		0.28,0.43|0.44,0.57|0.58,0.8	goc
939	BubbleConfig_939	180.0	1	0.25	0.35	0.4	0.0		0.45,0.75	goc
940	BubbleConfig_940	240.0	2	0.15	0.25	0.25	0.35		0.35,0.5|0.55,0.8	goc
941	BubbleConfig_941	240.0	2	0.15	0.25	0.25	0.35		0.4,0.55|0.56,0.8	goc
942	BubbleConfig_942	300.0	3	0.1	0.15	0.3	0.45		0.28,0.43|0.44,0.57|0.58,0.8	goc
943	BubbleConfig_943	180.0	1	0.25	0.35	0.4	0.0		0.45,0.75	goc
944	BubbleConfig_944	240.0	2	0.15	0.25	0.25	0.35		0.35,0.5|0.55,0.8	goc
945	BubbleConfig_945	240.0	2	0.15	0.25	0.25	0.35		0.4,0.55|0.56,0.8	goc
946	BubbleConfig_946	300.0	3	0.1	0.15	0.3	0.45		0.28,0.43|0.44,0.57|0.58,0.8	goc
947	BubbleConfig_947	180.0	1	0.25	0.35	0.4	0.0		0.45,0.75	goc
948	BubbleConfig_948	240.0	2	0.15	0.25	0.25	0.35		0.35,0.5|0.55,0.8	goc
949	BubbleConfig_949	240.0	2	0.15	0.25	0.25	0.35		0.4,0.55|0.56,0.8	goc
950	BubbleConfig_950	300.0	3	0.1	0.15	0.3	0.45		0.28,0.43|0.44,0.57|0.58,0.8	goc
951	BubbleConfig_951	180.0	1	0.25	0.35	0.4	0.0		0.45,0.75	goc
952	BubbleConfig_952	240.0	2	0.15	0.25	0.25	0.35		0.35,0.5|0.55,0.8	goc
953	BubbleConfig_953	240.0	2	0.15	0.25	0.25	0.35		0.4,0.55|0.56,0.8	goc
954	BubbleConfig_954	300.0	3	0.1	0.15	0.3	0.45		0.28,0.43|0.44,0.57|0.58,0.8	goc
955	BubbleConfig_955	180.0	1	0.25	0.35	0.4	0.0		0.45,0.75	goc
956	BubbleConfig_956	240.0	2	0.15	0.25	0.25	0.35		0.35,0.5|0.55,0.8	goc
957	BubbleConfig_957	240.0	2	0.15	0.25	0.25	0.35		0.4,0.55|0.56,0.8	goc
958	BubbleConfig_958	300.0	3	0.1	0.15	0.3	0.45		0.28,0.43|0.44,0.57|0.58,0.8	goc
959	BubbleConfig_959	180.0	1	0.25	0.35	0.4	0.0		0.45,0.75	goc
960	BubbleConfig_960	240.0	2	0.15	0.25	0.25	0.35		0.35,0.5|0.55,0.8	goc
961	BubbleConfig_961	240.0	2	0.15	0.25	0.25	0.35		0.4,0.55|0.56,0.8	goc
962	BubbleConfig_962	300.0	3	0.1	0.15	0.3	0.45		0.28,0.43|0.44,0.57|0.58,0.8	goc
963	BubbleConfig_963	180.0	1	0.25	0.35	0.4	0.0		0.45,0.75	goc
964	BubbleConfig_964	240.0	2	0.15	0.25	0.25	0.35		0.35,0.5|0.55,0.8	goc
965	BubbleConfig_965	240.0	2	0.15	0.25	0.25	0.35		0.4,0.55|0.56,0.8	goc
966	BubbleConfig_966	300.0	3	0.1	0.15	0.3	0.45		0.28,0.43|0.44,0.57|0.58,0.8	goc
967	BubbleConfig_967	180.0	1	0.25	0.35	0.4	0.0		0.45,0.75	goc
968	BubbleConfig_968	240.0	2	0.15	0.25	0.25	0.35		0.35,0.5|0.55,0.8	goc
969	BubbleConfig_969	240.0	2	0.15	0.25	0.25	0.35		0.4,0.55|0.56,0.8	goc
970	BubbleConfig_970	300.0	3	0.1	0.15	0.3	0.45		0.28,0.43|0.44,0.57|0.58,0.8	goc
971	BubbleConfig_971	180.0	1	0.25	0.35	0.4	0.0		0.45,0.75	goc
972	BubbleConfig_972	240.0	2	0.15	0.25	0.25	0.35		0.35,0.5|0.55,0.8	goc
973	BubbleConfig_973	240.0	2	0.15	0.25	0.25	0.35		0.4,0.55|0.56,0.8	goc
974	BubbleConfig_974	300.0	3	0.1	0.15	0.3	0.45		0.28,0.43|0.44,0.57|0.58,0.8	goc
975	BubbleConfig_975	180.0	1	0.25	0.35	0.4	0.0		0.45,0.75	goc
976	BubbleConfig_976	240.0	2	0.15	0.25	0.25	0.35		0.35,0.5|0.55,0.8	goc
977	BubbleConfig_977	240.0	2	0.15	0.25	0.25	0.35		0.4,0.55|0.56,0.8	goc
978	BubbleConfig_978	300.0	3	0.1	0.15	0.3	0.45		0.28,0.43|0.44,0.57|0.58,0.8	goc
979	BubbleConfig_979	180.0	1	0.25	0.35	0.4	0.0		0.45,0.75	goc
980	BubbleConfig_980	240.0	2	0.15	0.25	0.25	0.35		0.35,0.5|0.55,0.8	goc
981	BubbleConfig_981	240.0	2	0.15	0.25	0.25	0.35		0.4,0.55|0.56,0.8	goc
982	BubbleConfig_982	300.0	3	0.1	0.15	0.3	0.45		0.28,0.43|0.44,0.57|0.58,0.8	goc
983	BubbleConfig_983	180.0	1	0.25	0.35	0.4	0.0		0.45,0.75	goc
984	BubbleConfig_984	240.0	2	0.15	0.25	0.25	0.35		0.35,0.5|0.55,0.8	goc
985	BubbleConfig_985	240.0	2	0.15	0.25	0.25	0.35		0.4,0.55|0.56,0.8	goc
986	BubbleConfig_986	300.0	3	0.1	0.15	0.3	0.45		0.28,0.43|0.44,0.57|0.58,0.8	goc
987	BubbleConfig_987	180.0	1	0.25	0.35	0.4	0.0		0.45,0.75	goc
988	BubbleConfig_988	240.0	2	0.15	0.25	0.25	0.35		0.35,0.5|0.55,0.8	goc
989	BubbleConfig_989	240.0	2	0.15	0.25	0.25	0.35		0.4,0.55|0.56,0.8	goc
990	BubbleConfig_990	300.0	3	0.1	0.15	0.3	0.45		0.28,0.43|0.44,0.57|0.58,0.8	goc
991	BubbleConfig_991	180.0	1	0.25	0.35	0.4	0.0		0.45,0.75	goc
992	BubbleConfig_992	240.0	2	0.15	0.25	0.25	0.35		0.35,0.5|0.55,0.8	goc
993	BubbleConfig_993	240.0	2	0.15	0.25	0.25	0.35		0.4,0.55|0.56,0.8	goc
994	BubbleConfig_994	300.0	3	0.1	0.15	0.3	0.45		0.28,0.43|0.44,0.57|0.58,0.8	goc
995	BubbleConfig_995	180.0	1	0.25	0.35	0.4	0.0		0.45,0.75	goc
996	BubbleConfig_996	240.0	2	0.15	0.25	0.25	0.35		0.35,0.5|0.55,0.8	goc
997	BubbleConfig_997	240.0	2	0.15	0.25	0.25	0.35		0.4,0.55|0.56,0.8	goc
998	BubbleConfig_998	300.0	3	0.1	0.15	0.3	0.45		0.28,0.43|0.44,0.57|0.58,0.8	goc
999	BubbleConfig_999	180.0	1	0.25	0.35	0.4	0.0		0.45,0.75	goc
1000	BubbleConfig_1000	240.0	2	0.15	0.25	0.25	0.35		0.35,0.5|0.55,0.8	goc
1001	BubbleConfig_1001	240.0	2	0.15	0.25	0.25	0.35		0.4,0.55|0.56,0.8	goc
1002	BubbleConfig_1002	300.0	3	0.1	0.15	0.3	0.45		0.28,0.43|0.44,0.57|0.58,0.8	goc
1003	BubbleConfig_1003	180.0	1	0.25	0.35	0.4	0.0		0.45,0.75	goc
1004	BubbleConfig_1004	240.0	2	0.15	0.25	0.25	0.35		0.35,0.5|0.55,0.8	goc
1005	BubbleConfig_1005	240.0	2	0.15	0.25	0.25	0.35		0.4,0.55|0.56,0.8	goc
1006	BubbleConfig_1006	300.0	3	0.1	0.15	0.3	0.45		0.28,0.43|0.44,0.57|0.58,0.8	goc
1007	BubbleConfig_1007	180.0	1	0.25	0.35	0.4	0.0		0.45,0.75	goc
1008	BubbleConfig_1008	240.0	2	0.15	0.25	0.25	0.35		0.35,0.5|0.55,0.8	goc
1009	BubbleConfig_1009	240.0	2	0.15	0.25	0.25	0.35		0.4,0.55|0.56,0.8	goc
1010	BubbleConfig_1010	300.0	3	0.1	0.15	0.3	0.45		0.28,0.43|0.44,0.57|0.58,0.8	goc
1011	BubbleConfig_1011	180.0	1	0.25	0.35	0.4	0.0		0.45,0.75	goc
1012	BubbleConfig_1012	240.0	2	0.15	0.25	0.25	0.35		0.35,0.5|0.55,0.8	goc
1013	BubbleConfig_1013	240.0	2	0.15	0.25	0.25	0.35		0.4,0.55|0.56,0.8	goc
1014	BubbleConfig_1014	300.0	3	0.1	0.15	0.3	0.45		0.28,0.43|0.44,0.57|0.58,0.8	goc
1015	BubbleConfig_1015	180.0	1	0.25	0.35	0.4	0.0		0.45,0.75	goc
1016	BubbleConfig_1016	240.0	2	0.15	0.25	0.25	0.35		0.35,0.5|0.55,0.8	goc
1017	BubbleConfig_1017	240.0	2	0.15	0.25	0.25	0.35		0.4,0.55|0.56,0.8	goc
1018	BubbleConfig_1018	300.0	3	0.1	0.15	0.3	0.45		0.28,0.43|0.44,0.57|0.58,0.8	goc
1019	BubbleConfig_1019	180.0	1	0.25	0.35	0.4	0.0		0.45,0.75	goc
1020	BubbleConfig_1020	240.0	2	0.15	0.25	0.25	0.35		0.35,0.5|0.55,0.8	goc
1021	BubbleConfig_1021	240.0	2	0.15	0.25	0.25	0.35		0.4,0.55|0.56,0.8	goc
1022	BubbleConfig_1022	300.0	3	0.1	0.15	0.3	0.45		0.28,0.43|0.44,0.57|0.58,0.8	goc
1023	BubbleConfig_1023	180.0	1	0.25	0.35	0.4	0.0		0.45,0.75	goc
1024	BubbleConfig_1024	240.0	2	0.15	0.25	0.25	0.35		0.35,0.5|0.55,0.8	goc
1025	BubbleConfig_1025	240.0	2	0.15	0.25	0.25	0.35		0.4,0.55|0.56,0.8	goc
1026	BubbleConfig_1026	300.0	3	0.1	0.15	0.3	0.45		0.28,0.43|0.44,0.57|0.58,0.8	goc
1027	BubbleConfig_1027	180.0	1	0.25	0.35	0.4	0.0		0.45,0.75	goc
1028	BubbleConfig_1028	240.0	2	0.15	0.25	0.25	0.35		0.35,0.5|0.55,0.8	goc
1029	BubbleConfig_1029	240.0	2	0.15	0.25	0.25	0.35		0.4,0.55|0.56,0.8	goc
1030	BubbleConfig_1030	300.0	3	0.1	0.15	0.3	0.45		0.28,0.43|0.44,0.57|0.58,0.8	goc
1031	BubbleConfig_1031	180.0	1	0.25	0.35	0.4	0.0		0.45,0.75	goc
1032	BubbleConfig_1032	240.0	2	0.15	0.25	0.25	0.35		0.35,0.5|0.55,0.8	goc
1033	BubbleConfig_1033	240.0	2	0.15	0.25	0.25	0.35		0.4,0.55|0.56,0.8	goc
1034	BubbleConfig_1034	300.0	3	0.1	0.15	0.3	0.45		0.28,0.43|0.44,0.57|0.58,0.8	goc
1035	BubbleConfig_1035	180.0	1	0.25	0.35	0.4	0.0		0.45,0.75	goc
1036	BubbleConfig_1036	240.0	2	0.15	0.25	0.25	0.35		0.35,0.5|0.55,0.8	goc
1037	BubbleConfig_1037	240.0	2	0.15	0.25	0.25	0.35		0.4,0.55|0.56,0.8	goc
1038	BubbleConfig_1038	300.0	3	0.1	0.15	0.3	0.45		0.28,0.43|0.44,0.57|0.58,0.8	goc
1039	BubbleConfig_1039	180.0	1	0.25	0.35	0.4	0.0		0.45,0.75	goc
1040	BubbleConfig_1040	240.0	2	0.15	0.25	0.25	0.35		0.35,0.5|0.55,0.8	goc
1041	BubbleConfig_1041	240.0	2	0.15	0.25	0.25	0.35		0.4,0.55|0.56,0.8	goc
1042	BubbleConfig_1042	300.0	3	0.1	0.15	0.3	0.45		0.28,0.43|0.44,0.57|0.58,0.8	goc
1043	BubbleConfig_1043	180.0	1	0.25	0.35	0.4	0.0		0.45,0.75	goc
1044	BubbleConfig_1044	240.0	2	0.15	0.25	0.25	0.35		0.35,0.5|0.55,0.8	goc
1045	BubbleConfig_1045	240.0	2	0.15	0.25	0.25	0.35		0.4,0.55|0.56,0.8	goc
1046	BubbleConfig_1046	300.0	3	0.1	0.15	0.3	0.45		0.28,0.43|0.44,0.57|0.58,0.8	goc
1047	BubbleConfig_1047	180.0	1	0.25	0.35	0.4	0.0		0.45,0.75	goc
1048	BubbleConfig_1048	240.0	2	0.15	0.25	0.25	0.35		0.35,0.5|0.55,0.8	goc
1049	BubbleConfig_1049	240.0	2	0.15	0.25	0.25	0.35		0.4,0.55|0.56,0.8	goc
1050	BubbleConfig_1050	300.0	3	0.1	0.15	0.3	0.45		0.28,0.43|0.44,0.57|0.58,0.8	goc
1051	BubbleConfig_1051	180.0	1	0.25	0.35	0.4	0.0		0.45,0.75	goc
1052	BubbleConfig_1052	240.0	2	0.15	0.25	0.25	0.35		0.35,0.5|0.55,0.8	goc
1053	BubbleConfig_1053	240.0	2	0.15	0.25	0.25	0.35		0.4,0.55|0.56,0.8	goc
1054	BubbleConfig_1054	300.0	3	0.1	0.15	0.3	0.45		0.28,0.43|0.44,0.57|0.58,0.8	goc
1055	BubbleConfig_1055	180.0	1	0.25	0.35	0.4	0.0		0.45,0.75	goc
1056	BubbleConfig_1056	240.0	2	0.15	0.25	0.25	0.35		0.35,0.5|0.55,0.8	goc
1057	BubbleConfig_1057	240.0	2	0.15	0.25	0.25	0.35		0.4,0.55|0.56,0.8	goc
1058	BubbleConfig_1058	300.0	3	0.1	0.15	0.3	0.45		0.28,0.43|0.44,0.57|0.58,0.8	goc
1059	BubbleConfig_1059	180.0	1	0.25	0.35	0.4	0.0		0.45,0.75	goc
1060	BubbleConfig_1060	240.0	2	0.15	0.25	0.25	0.35		0.35,0.5|0.55,0.8	goc
1061	BubbleConfig_1061	240.0	2	0.15	0.25	0.25	0.35		0.4,0.55|0.56,0.8	goc
1062	BubbleConfig_1062	300.0	3	0.1	0.15	0.3	0.45		0.28,0.43|0.44,0.57|0.58,0.8	goc
1063	BubbleConfig_1063	180.0	1	0.25	0.35	0.4	0.0		0.45,0.75	goc
1064	BubbleConfig_1064	240.0	2	0.15	0.25	0.25	0.35		0.35,0.5|0.55,0.8	goc
1065	BubbleConfig_1065	240.0	2	0.15	0.25	0.25	0.35		0.4,0.55|0.56,0.8	goc
1066	BubbleConfig_1066	300.0	3	0.1	0.15	0.3	0.45		0.28,0.43|0.44,0.57|0.58,0.8	goc
1067	BubbleConfig_1067	180.0	1	0.25	0.35	0.4	0.0		0.45,0.75	goc
1068	BubbleConfig_1068	240.0	2	0.15	0.25	0.25	0.35		0.35,0.5|0.55,0.8	goc
1069	BubbleConfig_1069	240.0	2	0.15	0.25	0.25	0.35		0.4,0.55|0.56,0.8	goc
1070	BubbleConfig_1070	300.0	3	0.1	0.15	0.3	0.45		0.28,0.43|0.44,0.57|0.58,0.8	goc
1071	BubbleConfig_1071	180.0	1	0.25	0.35	0.4	0.0		0.45,0.75	goc
1072	BubbleConfig_1072	240.0	2	0.15	0.25	0.25	0.35		0.35,0.5|0.55,0.8	goc
1073	BubbleConfig_1073	240.0	2	0.15	0.25	0.25	0.35		0.4,0.55|0.56,0.8	goc
1074	BubbleConfig_1074	300.0	3	0.1	0.15	0.3	0.45		0.28,0.43|0.44,0.57|0.58,0.8	goc
1075	BubbleConfig_1075	180.0	1	0.25	0.35	0.4	0.0		0.45,0.75	goc
1076	BubbleConfig_1076	240.0	2	0.15	0.25	0.25	0.35		0.35,0.5|0.55,0.8	goc
1077	BubbleConfig_1077	240.0	2	0.15	0.25	0.25	0.35		0.4,0.55|0.56,0.8	goc
1078	BubbleConfig_1078	300.0	3	0.1	0.15	0.3	0.45		0.28,0.43|0.44,0.57|0.58,0.8	goc
1079	BubbleConfig_1079	180.0	1	0.25	0.35	0.4	0.0		0.45,0.75	goc
1080	BubbleConfig_1080	240.0	2	0.15	0.25	0.25	0.35		0.35,0.5|0.55,0.8	goc
1081	BubbleConfig_1081	240.0	2	0.15	0.25	0.25	0.35		0.4,0.55|0.56,0.8	goc
1082	BubbleConfig_1082	300.0	3	0.1	0.15	0.3	0.45		0.28,0.43|0.44,0.57|0.58,0.8	goc
1083	BubbleConfig_1083	180.0	1	0.25	0.35	0.4	0.0		0.45,0.75	goc
1084	BubbleConfig_1084	240.0	2	0.15	0.25	0.25	0.35		0.35,0.5|0.55,0.8	goc
1085	BubbleConfig_1085	240.0	2	0.15	0.25	0.25	0.35		0.4,0.55|0.56,0.8	goc
1086	BubbleConfig_1086	300.0	3	0.1	0.15	0.3	0.45		0.28,0.43|0.44,0.57|0.58,0.8	goc
1087	BubbleConfig_1087	180.0	1	0.25	0.35	0.4	0.0		0.45,0.75	goc
1088	BubbleConfig_1088	240.0	2	0.15	0.25	0.25	0.35		0.35,0.5|0.55,0.8	goc
1089	BubbleConfig_1089	240.0	2	0.15	0.25	0.25	0.35		0.4,0.55|0.56,0.8	goc
1090	BubbleConfig_1090	300.0	3	0.1	0.15	0.3	0.45		0.28,0.43|0.44,0.57|0.58,0.8	goc
1091	BubbleConfig_1091	180.0	1	0.25	0.35	0.4	0.0		0.45,0.75	goc
1092	BubbleConfig_1092	240.0	2	0.15	0.25	0.25	0.35		0.35,0.5|0.55,0.8	goc
1093	BubbleConfig_1093	240.0	2	0.15	0.25	0.25	0.35		0.4,0.55|0.56,0.8	goc
1094	BubbleConfig_1094	300.0	3	0.1	0.15	0.3	0.45		0.28,0.43|0.44,0.57|0.58,0.8	goc
1095	BubbleConfig_1095	180.0	1	0.25	0.35	0.4	0.0		0.45,0.75	goc
1096	BubbleConfig_1096	240.0	2	0.15	0.25	0.25	0.35		0.35,0.5|0.55,0.8	goc
1097	BubbleConfig_1097	240.0	2	0.15	0.25	0.25	0.35		0.4,0.55|0.56,0.8	goc
1098	BubbleConfig_1098	300.0	3	0.1	0.15	0.3	0.45		0.28,0.43|0.44,0.57|0.58,0.8	goc
1099	BubbleConfig_1099	180.0	1	0.25	0.35	0.4	0.0		0.45,0.75	goc
1100	BubbleConfig_1100	240.0	2	0.15	0.25	0.25	0.35		0.35,0.5|0.55,0.8	goc
1101	BubbleConfig_1101	240.0	2	0.15	0.25	0.25	0.35		0.4,0.55|0.56,0.8	goc
1102	BubbleConfig_1102	300.0	3	0.1	0.15	0.3	0.45		0.28,0.43|0.44,0.57|0.58,0.8	goc
1103	BubbleConfig_1103	180.0	1	0.25	0.35	0.4	0.0		0.45,0.75	goc
1104	BubbleConfig_1104	240.0	2	0.15	0.25	0.25	0.35		0.35,0.5|0.55,0.8	goc
1105	BubbleConfig_1105	240.0	2	0.15	0.25	0.25	0.35		0.4,0.55|0.56,0.8	goc
1106	BubbleConfig_1106	300.0	3	0.1	0.15	0.3	0.45		0.28,0.43|0.44,0.57|0.58,0.8	goc
1107	BubbleConfig_1107	180.0	1	0.25	0.35	0.4	0.0		0.45,0.75	goc
1108	BubbleConfig_1108	240.0	2	0.15	0.25	0.25	0.35		0.35,0.5|0.55,0.8	goc
1109	BubbleConfig_1109	240.0	2	0.15	0.25	0.25	0.35		0.4,0.55|0.56,0.8	goc
1110	BubbleConfig_1110	300.0	3	0.1	0.15	0.3	0.45		0.28,0.43|0.44,0.57|0.58,0.8	goc
1111	BubbleConfig_1111	180.0	1	0.25	0.35	0.4	0.0		0.45,0.75	goc
1112	BubbleConfig_1112	240.0	2	0.15	0.25	0.25	0.35		0.35,0.5|0.55,0.8	goc
1113	BubbleConfig_1113	240.0	2	0.15	0.25	0.25	0.35		0.4,0.55|0.56,0.8	goc
1114	BubbleConfig_1114	300.0	3	0.1	0.15	0.3	0.45		0.28,0.43|0.44,0.57|0.58,0.8	goc
1115	BubbleConfig_1115	180.0	1	0.25	0.35	0.4	0.0		0.45,0.75	goc
1116	BubbleConfig_1116	240.0	2	0.15	0.25	0.25	0.35		0.35,0.5|0.55,0.8	goc
1117	BubbleConfig_1117	240.0	2	0.15	0.25	0.25	0.35		0.4,0.55|0.56,0.8	goc
1118	BubbleConfig_1118	300.0	3	0.1	0.15	0.3	0.45		0.28,0.43|0.44,0.57|0.58,0.8	goc
1119	BubbleConfig_1119	180.0	1	0.25	0.35	0.4	0.0		0.45,0.75	goc
1120	BubbleConfig_1120	240.0	2	0.15	0.25	0.25	0.35		0.35,0.5|0.55,0.8	goc
1121	BubbleConfig_1121	240.0	2	0.15	0.25	0.25	0.35		0.4,0.55|0.56,0.8	goc
1122	BubbleConfig_1122	300.0	3	0.1	0.15	0.3	0.45		0.28,0.43|0.44,0.57|0.58,0.8	goc
1123	BubbleConfig_1123	180.0	1	0.25	0.35	0.4	0.0		0.45,0.75	goc
1124	BubbleConfig_1124	240.0	2	0.15	0.25	0.25	0.35		0.35,0.5|0.55,0.8	goc
1125	BubbleConfig_1125	240.0	2	0.15	0.25	0.25	0.35		0.4,0.55|0.56,0.8	goc
1126	BubbleConfig_1126	300.0	3	0.1	0.15	0.3	0.45		0.28,0.43|0.44,0.57|0.58,0.8	goc
1127	BubbleConfig_1127	180.0	1	0.25	0.35	0.4	0.0		0.45,0.75	goc
1128	BubbleConfig_1128	240.0	2	0.15	0.25	0.25	0.35		0.35,0.5|0.55,0.8	goc
1129	BubbleConfig_1129	240.0	2	0.15	0.25	0.25	0.35		0.4,0.55|0.56,0.8	goc
1130	BubbleConfig_1130	300.0	3	0.1	0.15	0.3	0.45		0.28,0.43|0.44,0.57|0.58,0.8	goc
1131	BubbleConfig_1131	180.0	1	0.25	0.35	0.4	0.0		0.45,0.75	goc
1132	BubbleConfig_1132	240.0	2	0.15	0.25	0.25	0.35		0.35,0.5|0.55,0.8	goc
1133	BubbleConfig_1133	240.0	2	0.15	0.25	0.25	0.35		0.4,0.55|0.56,0.8	goc
1134	BubbleConfig_1134	300.0	3	0.1	0.15	0.3	0.45		0.28,0.43|0.44,0.57|0.58,0.8	goc
1135	BubbleConfig_1135	180.0	1	0.25	0.35	0.4	0.0		0.45,0.75	goc
1136	BubbleConfig_1136	240.0	2	0.15	0.25	0.25	0.35		0.35,0.5|0.55,0.8	goc
1137	BubbleConfig_1137	240.0	2	0.15	0.25	0.25	0.35		0.4,0.55|0.56,0.8	goc
1138	BubbleConfig_1138	300.0	3	0.1	0.15	0.3	0.45		0.28,0.43|0.44,0.57|0.58,0.8	goc
1139	BubbleConfig_1139	180.0	1	0.25	0.35	0.4	0.0		0.45,0.75	goc
1140	BubbleConfig_1140	240.0	2	0.15	0.25	0.25	0.35		0.35,0.5|0.55,0.8	goc
1141	BubbleConfig_1141	240.0	2	0.15	0.25	0.25	0.35		0.4,0.55|0.56,0.8	goc
1142	BubbleConfig_1142	300.0	3	0.1	0.15	0.3	0.45		0.28,0.43|0.44,0.57|0.58,0.8	goc
1143	BubbleConfig_1143	180.0	1	0.25	0.35	0.4	0.0		0.45,0.75	goc
1144	BubbleConfig_1144	240.0	2	0.15	0.25	0.25	0.35		0.35,0.5|0.55,0.8	goc
1145	BubbleConfig_1145	240.0	2	0.15	0.25	0.25	0.35		0.4,0.55|0.56,0.8	goc
1146	BubbleConfig_1146	300.0	3	0.1	0.15	0.3	0.45		0.28,0.43|0.44,0.57|0.58,0.8	goc
1147	BubbleConfig_1147	180.0	1	0.25	0.35	0.4	0.0		0.45,0.75	goc
1148	BubbleConfig_1148	240.0	2	0.15	0.25	0.25	0.35		0.35,0.5|0.55,0.8	goc
1149	BubbleConfig_1149	240.0	2	0.15	0.25	0.25	0.35		0.4,0.55|0.56,0.8	goc
1150	BubbleConfig_1150	300.0	3	0.1	0.15	0.3	0.45		0.28,0.43|0.44,0.57|0.58,0.8	goc
1151	BubbleConfig_1151	180.0	1	0.25	0.35	0.4	0.0		0.45,0.75	goc
1152	BubbleConfig_1152	240.0	2	0.15	0.25	0.25	0.35		0.35,0.5|0.55,0.8	goc
1153	BubbleConfig_1153	240.0	2	0.15	0.25	0.25	0.35		0.4,0.55|0.56,0.8	goc
1154	BubbleConfig_1154	300.0	3	0.1	0.15	0.3	0.45		0.28,0.43|0.44,0.57|0.58,0.8	goc
1155	BubbleConfig_1155	180.0	1	0.25	0.35	0.4	0.0		0.45,0.75	goc
1156	BubbleConfig_1156	240.0	2	0.15	0.25	0.25	0.35		0.35,0.5|0.55,0.8	goc
1157	BubbleConfig_1157	240.0	2	0.15	0.25	0.25	0.35		0.4,0.55|0.56,0.8	goc
1158	BubbleConfig_1158	300.0	3	0.1	0.15	0.3	0.45		0.28,0.43|0.44,0.57|0.58,0.8	goc
1159	BubbleConfig_1159	180.0	1	0.25	0.35	0.4	0.0		0.45,0.75	goc
1160	BubbleConfig_1160	240.0	2	0.15	0.25	0.25	0.35		0.35,0.5|0.55,0.8	goc
1161	BubbleConfig_1161	240.0	2	0.15	0.25	0.25	0.35		0.4,0.55|0.56,0.8	goc
1162	BubbleConfig_1162	300.0	3	0.1	0.15	0.3	0.45		0.28,0.43|0.44,0.57|0.58,0.8	goc
1163	BubbleConfig_1163	180.0	1	0.25	0.35	0.4	0.0		0.45,0.75	goc
1164	BubbleConfig_1164	240.0	2	0.15	0.25	0.25	0.35		0.35,0.5|0.55,0.8	goc
1165	BubbleConfig_1165	240.0	2	0.15	0.25	0.25	0.35		0.4,0.55|0.56,0.8	goc
1166	BubbleConfig_1166	300.0	3	0.1	0.15	0.3	0.45		0.28,0.43|0.44,0.57|0.58,0.8	goc
1167	BubbleConfig_1167	180.0	1	0.25	0.35	0.4	0.0		0.45,0.75	goc
1168	BubbleConfig_1168	240.0	2	0.15	0.25	0.25	0.35		0.35,0.5|0.55,0.8	goc
1169	BubbleConfig_1169	240.0	2	0.15	0.25	0.25	0.35		0.4,0.55|0.56,0.8	goc
1170	BubbleConfig_1170	300.0	3	0.1	0.15	0.3	0.45		0.28,0.43|0.44,0.57|0.58,0.8	goc
1171	BubbleConfig_1171	180.0	1	0.25	0.35	0.4	0.0		0.45,0.75	goc
1172	BubbleConfig_1172	240.0	2	0.15	0.25	0.25	0.35		0.35,0.5|0.55,0.8	goc
1173	BubbleConfig_1173	240.0	2	0.15	0.25	0.25	0.35		0.4,0.55|0.56,0.8	goc
1174	BubbleConfig_1174	300.0	3	0.1	0.15	0.3	0.45		0.28,0.43|0.44,0.57|0.58,0.8	goc
1175	BubbleConfig_1175	180.0	1	0.25	0.35	0.4	0.0		0.45,0.75	goc
1176	BubbleConfig_1176	240.0	2	0.15	0.25	0.25	0.35		0.35,0.5|0.55,0.8	goc
1177	BubbleConfig_1177	240.0	2	0.15	0.25	0.25	0.35		0.4,0.55|0.56,0.8	goc
1178	BubbleConfig_1178	300.0	3	0.1	0.15	0.3	0.45		0.28,0.43|0.44,0.57|0.58,0.8	goc
1179	BubbleConfig_1179	180.0	1	0.25	0.35	0.4	0.0		0.45,0.75	goc
1180	BubbleConfig_1180	240.0	2	0.15	0.25	0.25	0.35		0.35,0.5|0.55,0.8	goc
1181	BubbleConfig_1181	240.0	2	0.15	0.25	0.25	0.35		0.4,0.55|0.56,0.8	goc
1182	BubbleConfig_1182	300.0	3	0.1	0.15	0.3	0.45		0.28,0.43|0.44,0.57|0.58,0.8	goc
1183	BubbleConfig_1183	180.0	1	0.25	0.35	0.4	0.0		0.45,0.75	goc
1184	BubbleConfig_1184	240.0	2	0.15	0.25	0.25	0.35		0.35,0.5|0.55,0.8	goc
1185	BubbleConfig_1185	240.0	2	0.15	0.25	0.25	0.35		0.4,0.55|0.56,0.8	goc
1186	BubbleConfig_1186	300.0	3	0.1	0.15	0.3	0.45		0.28,0.43|0.44,0.57|0.58,0.8	goc
1187	BubbleConfig_1187	180.0	1	0.25	0.35	0.4	0.0		0.45,0.75	goc
1188	BubbleConfig_1188	240.0	2	0.15	0.25	0.25	0.35		0.35,0.5|0.55,0.8	goc
1189	BubbleConfig_1189	240.0	2	0.15	0.25	0.25	0.35		0.4,0.55|0.56,0.8	goc
1190	BubbleConfig_1190	300.0	3	0.1	0.15	0.3	0.45		0.28,0.43|0.44,0.57|0.58,0.8	goc
1191	BubbleConfig_1191	180.0	1	0.25	0.35	0.4	0.0		0.45,0.75	goc
1192	BubbleConfig_1192	240.0	2	0.15	0.25	0.25	0.35		0.35,0.5|0.55,0.8	goc
1193	BubbleConfig_1193	240.0	2	0.15	0.25	0.25	0.35		0.4,0.55|0.56,0.8	goc
1194	BubbleConfig_1194	300.0	3	0.1	0.15	0.3	0.45		0.28,0.43|0.44,0.57|0.58,0.8	goc
1195	BubbleConfig_1195	180.0	1	0.25	0.35	0.4	0.0		0.45,0.75	goc
1196	BubbleConfig_1196	240.0	2	0.15	0.25	0.25	0.35		0.35,0.5|0.55,0.8	goc
1197	BubbleConfig_1197	240.0	2	0.15	0.25	0.25	0.35		0.4,0.55|0.56,0.8	goc
1198	BubbleConfig_1198	300.0	3	0.1	0.15	0.3	0.45		0.28,0.43|0.44,0.57|0.58,0.8	goc
1199	BubbleConfig_1199	180.0	1	0.25	0.35	0.4	0.0		0.45,0.75	goc
1200	BubbleConfig_1200	240.0	2	0.15	0.25	0.25	0.35		0.35,0.5|0.55,0.8	goc
1201	BubbleConfig_1201	240.0	2	0.15	0.25	0.25	0.35		0.4,0.55|0.56,0.8	goc
1202	BubbleConfig_1202	300.0	3	0.1	0.15	0.3	0.45		0.28,0.43|0.44,0.57|0.58,0.8	goc
1203	BubbleConfig_1203	180.0	1	0.25	0.35	0.4	0.0		0.45,0.75	goc
1204	BubbleConfig_1204	240.0	2	0.15	0.25	0.25	0.35		0.35,0.5|0.55,0.8	goc
1205	BubbleConfig_1205	240.0	2	0.15	0.25	0.25	0.35		0.4,0.55|0.56,0.8	goc
1206	BubbleConfig_1206	300.0	3	0.1	0.15	0.3	0.45		0.28,0.43|0.44,0.57|0.58,0.8	goc
1207	BubbleConfig_1207	180.0	1	0.25	0.35	0.4	0.0		0.45,0.75	goc
1208	BubbleConfig_1208	240.0	2	0.15	0.25	0.25	0.35		0.35,0.5|0.55,0.8	goc
1209	BubbleConfig_1209	240.0	2	0.15	0.25	0.25	0.35		0.4,0.55|0.56,0.8	goc
1210	BubbleConfig_1210	300.0	3	0.1	0.15	0.3	0.45		0.28,0.43|0.44,0.57|0.58,0.8	goc
1211	BubbleConfig_1211	180.0	1	0.25	0.35	0.4	0.0		0.45,0.75	goc
1212	BubbleConfig_1212	240.0	2	0.15	0.25	0.25	0.35		0.35,0.5|0.55,0.8	goc
1213	BubbleConfig_1213	240.0	2	0.15	0.25	0.25	0.35		0.4,0.55|0.56,0.8	goc
1214	BubbleConfig_1214	300.0	3	0.1	0.15	0.3	0.45		0.28,0.43|0.44,0.57|0.58,0.8	goc
1215	BubbleConfig_1215	180.0	1	0.25	0.35	0.4	0.0		0.45,0.75	goc
1216	BubbleConfig_1216	240.0	2	0.15	0.25	0.25	0.35		0.35,0.5|0.55,0.8	goc
1217	BubbleConfig_1217	240.0	2	0.15	0.25	0.25	0.35		0.4,0.55|0.56,0.8	goc
1218	BubbleConfig_1218	300.0	3	0.1	0.15	0.3	0.45		0.28,0.43|0.44,0.57|0.58,0.8	goc
1219	BubbleConfig_1219	180.0	1	0.25	0.35	0.4	0.0		0.45,0.75	goc
1220	BubbleConfig_1220	240.0	2	0.15	0.25	0.25	0.35		0.35,0.5|0.55,0.8	goc
1221	BubbleConfig_1221	240.0	2	0.15	0.25	0.25	0.35		0.4,0.55|0.56,0.8	goc
1222	BubbleConfig_1222	300.0	3	0.1	0.15	0.3	0.45		0.28,0.43|0.44,0.57|0.58,0.8	goc
1223	BubbleConfig_1223	180.0	1	0.25	0.35	0.4	0.0		0.45,0.75	goc
1224	BubbleConfig_1224	240.0	2	0.15	0.25	0.25	0.35		0.35,0.5|0.55,0.8	goc
1225	BubbleConfig_1225	240.0	2	0.15	0.25	0.25	0.35		0.4,0.55|0.56,0.8	goc
1226	BubbleConfig_1226	300.0	3	0.1	0.15	0.3	0.45		0.28,0.43|0.44,0.57|0.58,0.8	goc
1227	BubbleConfig_1227	180.0	1	0.25	0.35	0.4	0.0		0.45,0.75	goc
1228	BubbleConfig_1228	240.0	2	0.15	0.25	0.25	0.35		0.35,0.5|0.55,0.8	goc
1229	BubbleConfig_1229	240.0	2	0.15	0.25	0.25	0.35		0.4,0.55|0.56,0.8	goc
1230	BubbleConfig_1230	300.0	3	0.1	0.15	0.3	0.45		0.28,0.43|0.44,0.57|0.58,0.8	goc
1231	BubbleConfig_1231	180.0	1	0.25	0.35	0.4	0.0		0.45,0.75	goc
1232	BubbleConfig_1232	240.0	2	0.15	0.25	0.25	0.35		0.35,0.5|0.55,0.8	goc
1233	BubbleConfig_1233	240.0	2	0.15	0.25	0.25	0.35		0.4,0.55|0.56,0.8	goc
1234	BubbleConfig_1234	300.0	3	0.1	0.15	0.3	0.45		0.28,0.43|0.44,0.57|0.58,0.8	goc
1235	BubbleConfig_1235	180.0	1	0.25	0.35	0.4	0.0		0.45,0.75	goc
1236	BubbleConfig_1236	240.0	2	0.15	0.25	0.25	0.35		0.35,0.5|0.55,0.8	goc
1237	BubbleConfig_1237	240.0	2	0.15	0.25	0.25	0.35		0.4,0.55|0.56,0.8	goc
1238	BubbleConfig_1238	300.0	3	0.1	0.15	0.3	0.45		0.28,0.43|0.44,0.57|0.58,0.8	goc
1239	BubbleConfig_1239	180.0	1	0.25	0.35	0.4	0.0		0.45,0.75	goc
1240	BubbleConfig_1240	240.0	2	0.15	0.25	0.25	0.35		0.35,0.5|0.55,0.8	goc
1241	BubbleConfig_1241	240.0	2	0.15	0.25	0.25	0.35		0.4,0.55|0.56,0.8	goc
1242	BubbleConfig_1242	300.0	3	0.1	0.15	0.3	0.45		0.28,0.43|0.44,0.57|0.58,0.8	goc
1243	BubbleConfig_1243	180.0	1	0.25	0.35	0.4	0.0		0.45,0.75	goc
1244	BubbleConfig_1244	240.0	2	0.15	0.25	0.25	0.35		0.35,0.5|0.55,0.8	goc
1245	BubbleConfig_1245	240.0	2	0.15	0.25	0.25	0.35		0.4,0.55|0.56,0.8	goc
1246	BubbleConfig_1246	300.0	3	0.1	0.15	0.3	0.45		0.28,0.43|0.44,0.57|0.58,0.8	goc
1247	BubbleConfig_1247	180.0	1	0.25	0.35	0.4	0.0		0.45,0.75	goc
1248	BubbleConfig_1248	240.0	2	0.15	0.25	0.25	0.35		0.35,0.5|0.55,0.8	goc
1249	BubbleConfig_1249	240.0	2	0.15	0.25	0.25	0.35		0.4,0.55|0.56,0.8	goc
1250	BubbleConfig_1250	300.0	3	0.1	0.15	0.3	0.45		0.28,0.43|0.44,0.57|0.58,0.8	goc
1251	BubbleConfig_1251	180.0	1	0.25	0.35	0.4	0.0		0.45,0.75	goc
1252	BubbleConfig_1252	240.0	2	0.15	0.25	0.25	0.35		0.35,0.5|0.55,0.8	goc
1253	BubbleConfig_1253	240.0	2	0.15	0.25	0.25	0.35		0.4,0.55|0.56,0.8	goc
1254	BubbleConfig_1254	300.0	3	0.1	0.15	0.3	0.45		0.28,0.43|0.44,0.57|0.58,0.8	goc
1255	BubbleConfig_1255	180.0	1	0.25	0.35	0.4	0.0		0.45,0.75	goc
1256	BubbleConfig_1256	240.0	2	0.15	0.25	0.25	0.35		0.35,0.5|0.55,0.8	goc
1257	BubbleConfig_1257	240.0	2	0.15	0.25	0.25	0.35		0.4,0.55|0.56,0.8	goc
1258	BubbleConfig_1258	300.0	3	0.1	0.15	0.3	0.45		0.28,0.43|0.44,0.57|0.58,0.8	goc
1259	BubbleConfig_1259	180.0	1	0.25	0.35	0.4	0.0		0.45,0.75	goc
1260	BubbleConfig_1260	240.0	2	0.15	0.25	0.25	0.35		0.35,0.5|0.55,0.8	goc
1261	BubbleConfig_1261	240.0	2	0.15	0.25	0.25	0.35		0.4,0.55|0.56,0.8	goc
1262	BubbleConfig_1262	300.0	3	0.1	0.15	0.3	0.45		0.28,0.43|0.44,0.57|0.58,0.8	goc
1263	BubbleConfig_1263	180.0	1	0.25	0.35	0.4	0.0		0.45,0.75	goc
1264	BubbleConfig_1264	240.0	2	0.15	0.25	0.25	0.35		0.35,0.5|0.55,0.8	goc
1265	BubbleConfig_1265	240.0	2	0.15	0.25	0.25	0.35		0.4,0.55|0.56,0.8	goc
1266	BubbleConfig_1266	300.0	3	0.1	0.15	0.3	0.45		0.28,0.43|0.44,0.57|0.58,0.8	goc
1267	BubbleConfig_1267	180.0	1	0.25	0.35	0.4	0.0		0.45,0.75	goc
1268	BubbleConfig_1268	240.0	2	0.15	0.25	0.25	0.35		0.35,0.5|0.55,0.8	goc
1269	BubbleConfig_1269	240.0	2	0.15	0.25	0.25	0.35		0.4,0.55|0.56,0.8	goc
1270	BubbleConfig_1270	300.0	3	0.1	0.15	0.3	0.45		0.28,0.43|0.44,0.57|0.58,0.8	goc
1271	BubbleConfig_1271	180.0	1	0.25	0.35	0.4	0.0		0.45,0.75	goc
1272	BubbleConfig_1272	240.0	2	0.15	0.25	0.25	0.35		0.35,0.5|0.55,0.8	goc
1273	BubbleConfig_1273	240.0	2	0.15	0.25	0.25	0.35		0.4,0.55|0.56,0.8	goc
1274	BubbleConfig_1274	300.0	3	0.1	0.15	0.3	0.45		0.28,0.43|0.44,0.57|0.58,0.8	goc
1275	BubbleConfig_1275	180.0	1	0.25	0.35	0.4	0.0		0.45,0.75	goc
1276	BubbleConfig_1276	240.0	2	0.15	0.25	0.25	0.35		0.35,0.5|0.55,0.8	goc
1277	BubbleConfig_1277	240.0	2	0.15	0.25	0.25	0.35		0.4,0.55|0.56,0.8	goc
1278	BubbleConfig_1278	300.0	3	0.1	0.15	0.3	0.45		0.28,0.43|0.44,0.57|0.58,0.8	goc
1279	BubbleConfig_1279	180.0	1	0.25	0.35	0.4	0.0		0.45,0.75	goc
1280	BubbleConfig_1280	240.0	2	0.15	0.25	0.25	0.35		0.35,0.5|0.55,0.8	goc
1281	BubbleConfig_1281	240.0	2	0.15	0.25	0.25	0.35		0.4,0.55|0.56,0.8	goc
1282	BubbleConfig_1282	300.0	3	0.1	0.15	0.3	0.45		0.28,0.43|0.44,0.57|0.58,0.8	goc
1283	BubbleConfig_1283	180.0	1	0.25	0.35	0.4	0.0		0.45,0.75	goc
1284	BubbleConfig_1284	240.0	2	0.15	0.25	0.25	0.35		0.35,0.5|0.55,0.8	goc
1285	BubbleConfig_1285	240.0	2	0.15	0.25	0.25	0.35		0.4,0.55|0.56,0.8	goc
1286	BubbleConfig_1286	300.0	3	0.1	0.15	0.3	0.45		0.28,0.43|0.44,0.57|0.58,0.8	goc
1287	BubbleConfig_1287	180.0	1	0.25	0.35	0.4	0.0		0.45,0.75	goc
1288	BubbleConfig_1288	240.0	2	0.15	0.25	0.25	0.35		0.35,0.5|0.55,0.8	goc
1289	BubbleConfig_1289	240.0	2	0.15	0.25	0.25	0.35		0.4,0.55|0.56,0.8	goc
1290	BubbleConfig_1290	300.0	3	0.1	0.15	0.3	0.45		0.28,0.43|0.44,0.57|0.58,0.8	goc
1291	BubbleConfig_1291	180.0	1	0.25	0.35	0.4	0.0		0.45,0.75	goc
1292	BubbleConfig_1292	240.0	2	0.15	0.25	0.25	0.35		0.35,0.5|0.55,0.8	goc
1293	BubbleConfig_1293	240.0	2	0.15	0.25	0.25	0.35		0.4,0.55|0.56,0.8	goc
1294	BubbleConfig_1294	300.0	3	0.1	0.15	0.3	0.45		0.28,0.43|0.44,0.57|0.58,0.8	goc
1295	BubbleConfig_1295	180.0	1	0.25	0.35	0.4	0.0		0.45,0.75	goc
1296	BubbleConfig_1296	240.0	2	0.15	0.25	0.25	0.35		0.35,0.5|0.55,0.8	goc
1297	BubbleConfig_1297	240.0	2	0.15	0.25	0.25	0.35		0.4,0.55|0.56,0.8	goc
1298	BubbleConfig_1298	300.0	3	0.1	0.15	0.3	0.45		0.28,0.43|0.44,0.57|0.58,0.8	goc
1299	BubbleConfig_1299	180.0	1	0.25	0.35	0.4	0.0		0.45,0.75	goc
1300	BubbleConfig_1300	240.0	2	0.15	0.25	0.25	0.35		0.35,0.5|0.55,0.8	goc
3	BubbleConfig_3_2	360.0	1	0.5	0.35	0.15	0.0		0.4,0.7	ghi de 2
4	BubbleConfig_4_2	420.0	2	0.4	0.35	0.25	0.0		0.45,0.75	ghi de 2
5	BubbleConfig_5_2	300.0	2	0.35	0.3	0.35	0.0		0.4,0.75	ghi de 2
6	BubbleConfig_6_2	240.0	2	0.35	0.25	0.4	0.0		0.45,0.75	ghi de 2
7	BubbleConfig_7_2	480.0	3	0.3	0.15	0.3	0.25		0.44,0.57|0.58,0.8	ghi de 2
8	BubbleConfig_8_2	360.0	1	0.45	0.35	0.2	0.0		0.45,0.75	ghi de 2
9	BubbleConfig_9_2	240.0	2	0.35	0.25	0.25	0.15		0.35,0.5|0.55,0.8	ghi de 2
10	BubbleConfig_10_2	300.0	2	0.35	0.25	0.25	0.15		0.4,0.55|0.56,0.8	ghi de 2
11	BubbleConfig_11_2	300.0	1	0.45	0.35	0.2	0.0		0.45,0.75	ghi de 2
12	BubbleConfig_12_2	420.0	3	0.3	0.15	0.2	0.25		0.28,0.43|0.44,0.57|0.58,0.8	ghi de 2
13	BubbleConfig_13_2	180.0	1	0.45	0.35	0.2	0.0		0.45,0.75	ghi de 2
14	BubbleConfig_14_2	360.0	2	0.35	0.25	0.25	0.15		0.35,0.5|0.55,0.8	ghi de 2
15	BubbleConfig_15_2	300.0	2	0.35	0.25	0.25	0.15		0.4,0.55|0.56,0.8	ghi de 2
16	BubbleConfig_16_2	300.0	3	0.3	0.15	0.3	0.25		0.28,0.43|0.44,0.57|0.58,0.8	ghi de 2
17	BubbleConfig_17_2	180.0	1	0.45	0.35	0.2	0.0		0.45,0.75	ghi de 2
18	BubbleConfig_18_2	360.0	2	0.25	0.25	0.25	0.25		0.35,0.5|0.55,0.8	ghi de 2
19	BubbleConfig_19_2	300.0	2	0.25	0.25	0.25	0.25		0.4,0.55|0.56,0.8	ghi de 2
20	BubbleConfig_20_2	240.0	3	0.2	0.15	0.3	0.35	0.1,30|0.3,60|0.5,90	0.28,0.43|0.44,0.57|0.58,0.8	ghi de 2
21	BubbleConfig_21_2	300.0	2	0.25	0.25	0.25	0.25	0.2,30|0.5,60	0.4,0.55|0.56,0.8	ghi de 2
22	BubbleConfig_22_2	180.0	1	0.35	0.35	0.3	0.0		0.45,0.75	ghi de 2
23	BubbleConfig_23_2	240.0	2	0.25	0.25	0.25	0.25	0.2,30|0.55,60	0.35,0.5|0.55,0.8	ghi de 2
24	BubbleConfig_24_2	240.0	2	0.25	0.25	0.25	0.25		0.4,0.55|0.56,0.8	ghi de 2
25	BubbleConfig_25_2	300.0	3	0.2	0.15	0.3	0.35	0.1,30|0.3,60|0.5,90	0.28,0.43|0.44,0.57|0.58,0.8	ghi de 2
26	BubbleConfig_26_2	180.0	1	0.35	0.35	0.3	0.0		0.45,0.75	ghi de 2
27	BubbleConfig_27_2	240.0	2	0.25	0.25	0.25	0.25		0.35,0.5|0.55,0.8	ghi de 2
28	BubbleConfig_28_2	240.0	2	0.25	0.25	0.25	0.25		0.4,0.55|0.56,0.8	ghi de 2
29	BubbleConfig_29_2	300.0	3	0.2	0.15	0.3	0.35	0.1,30|0.3,60|0.55,90	0.28,0.43|0.44,0.57|0.58,0.8	ghi de 2
30	BubbleConfig_30_2	240.0	2	0.25	0.25	0.25	0.25		0.4,0.55|0.56,0.8	ghi de 2
31	BubbleConfig_31_2	180.0	1	0.35	0.35	0.3	0.0		0.45,0.75	ghi de 2
32	BubbleConfig_32_2	240.0	2	0.15	0.25	0.25	0.35	0.2,60|0.5,90	0.4,0.55|0.56,0.8	ghi de 2
33	BubbleConfig_33_2	180.0	3	0.1	0.15	0.3	0.45		0.28,0.43|0.44,0.57|0.58,0.8	ghi de 2
34	BubbleConfig_34_2	180.0	1	0.25	0.35	0.4	0.0		0.45,0.75	ghi de 2
35	BubbleConfig_35_2	240.0	2	0.15	0.25	0.25	0.35	0.1,30|0.2,60|0.45,90	0.4,0.55|0.56,0.8	ghi de 2
36	BubbleConfig_36_2	180.0	3	0.1	0.15	0.3	0.45		0.28,0.43|0.44,0.57|0.58,0.8	ghi de 2
37	BubbleConfig_37_2	180.0	1	0.25	0.35	0.4	0.0		0.45,0.75	ghi de 2
38	BubbleConfig_38_2	240.0	2	0.15	0.25	0.25	0.35	0.25,60|0.5,90	0.35,0.5|0.55,0.8	ghi de 2
39	BubbleConfig_39_2	240.0	2	0.15	0.25	0.25	0.35		0.4,0.55|0.56,0.8	ghi de 2
41	BubbleConfig_41_2	180.0	1	0.25	0.35	0.4	0.0		0.45,0.75	ghi de 2
42	BubbleConfig_42_2	240.0	2	0.15	0.25	0.25	0.35	0.2,30|0.5,60	0.35,0.5|0.55,0.8	ghi de 2
43	BubbleConfig_43_2	240.0	2	0.15	0.25	0.25	0.35	0.1,30|0.3,60|0.5,90	0.4,0.55|0.56,0.8	ghi de 2
44	BubbleConfig_44_2	300.0	3	0.1	0.15	0.3	0.45		0.28,0.43|0.44,0.57|0.58,0.8	ghi de 2
45	BubbleConfig_45_2	240.0	2	0.15	0.25	0.25	0.35		0.4,0.55|0.56,0.8	ghi de 2
46	BubbleConfig_46_2	180.0	1	0.25	0.35	0.4	0.0		0.45,0.75	ghi de 2
47	BubbleConfig_47_2	240.0	2	0.15	0.25	0.25	0.35	0.1,30|0.25,60|0.5,90	0.4,0.55|0.56,0.8	ghi de 2
48	BubbleConfig_48_2	300.0	3	0.1	0.15	0.3	0.45		0.28,0.43|0.44,0.57|0.58,0.8	ghi de 2
50	BubbleConfig_50_2	600.0	2	0.15	0.25	0.25	0.35	0.3,30|0.5,60	0.4,0.55|0.56,0.8	ghi de 2
51	BubbleConfig_51_2	180.0	1	0.25	0.35	0.4	0.0		0.45,0.75	ghi de 2
52	BubbleConfig_52_2	240.0	2	0.15	0.25	0.25	0.35		0.35,0.5|0.55,0.8	ghi de 2
53	BubbleConfig_53_2	240.0	2	0.15	0.25	0.25	0.35		0.4,0.55|0.56,0.8	ghi de 2
54	BubbleConfig_54_2	300.0	3	0.1	0.15	0.3	0.45		0.28,0.43|0.44,0.57|0.58,0.8	ghi de 2
55	BubbleConfig_55_2	180.0	1	0.25	0.35	0.4	0.0	0.25,30|0.5,60	0.45,0.75	ghi de 2
56	BubbleConfig_56_2	240.0	2	0.15	0.25	0.25	0.35		0.35,0.5|0.55,0.8	ghi de 2
57	BubbleConfig_57_2	240.0	2	0.15	0.25	0.25	0.35		0.4,0.55|0.56,0.8	ghi de 2
58	BubbleConfig_58_2	300.0	3	0.1	0.15	0.3	0.45		0.28,0.43|0.44,0.57|0.58,0.8	ghi de 2
59	BubbleConfig_59_2	180.0	1	0.25	0.35	0.4	0.0		0.45,0.75	ghi de 2
60	BubbleConfig_60_2	240.0	2	0.15	0.25	0.25	0.35	0.1,30|0.25,30|0.5,90	0.35,0.5|0.55,0.8	ghi de 2
61	BubbleConfig_61_2	240.0	2	0.15	0.25	0.25	0.35		0.4,0.55|0.56,0.8	ghi de 2
62	BubbleConfig_62_2	300.0	3	0.1	0.15	0.3	0.45	0.15,30|0.35,60|0.55,90	0.28,0.43|0.44,0.57|0.58,0.8	ghi de 2
63	BubbleConfig_63_2	180.0	1	0.25	0.35	0.4	0.0		0.45,0.75	ghi de 2
64	BubbleConfig_64_2	240.0	2	0.15	0.25	0.25	0.35		0.35,0.5|0.55,0.8	ghi de 2
65	BubbleConfig_65_2	240.0	2	0.15	0.25	0.25	0.35		0.4,0.55|0.56,0.8	ghi de 2
66	BubbleConfig_66_2	300.0	3	0.1	0.15	0.3	0.45	0.1,30|0.3,60|0.55,90	0.28,0.43|0.44,0.57|0.58,0.8	ghi de 2
67	BubbleConfig_67_2	180.0	1	0.25	0.35	0.4	0.0		0.45,0.75	ghi de 2
68	BubbleConfig_68_2	240.0	2	0.15	0.25	0.25	0.35		0.35,0.5|0.55,0.8	ghi de 2
69	BubbleConfig_69_2	240.0	2	0.15	0.25	0.25	0.35	0.1,30|0.25,30|0.5,90	0.4,0.55|0.56,0.8	ghi de 2
70	BubbleConfig_70_2	300.0	3	0.1	0.15	0.3	0.45		0.28,0.43|0.44,0.57|0.58,0.8	ghi de 2
71	BubbleConfig_71_2	180.0	1	0.25	0.35	0.4	0.0		0.45,0.75	ghi de 2
72	BubbleConfig_72_2	240.0	2	0.15	0.25	0.25	0.35	0.1,30|0.25,30|0.5,90	0.35,0.5|0.55,0.8	ghi de 2
73	BubbleConfig_73_2	240.0	2	0.15	0.25	0.25	0.35		0.4,0.55|0.56,0.8	ghi de 2
74	BubbleConfig_74_2	300.0	3	0.1	0.15	0.3	0.45		0.28,0.43|0.44,0.57|0.58,0.8	ghi de 2
75	BubbleConfig_75_2	180.0	1	0.25	0.35	0.4	0.0		0.45,0.75	ghi de 2
76	BubbleConfig_76_2	240.0	2	0.15	0.25	0.25	0.35		0.35,0.5|0.55,0.8	ghi de 2
77	BubbleConfig_77_2	240.0	2	0.15	0.25	0.25	0.35		0.4,0.55|0.56,0.8	ghi de 2
78	BubbleConfig_78_2	300.0	3	0.1	0.15	0.3	0.45	0.1,30|0.3,60|0.55,90	0.28,0.43|0.44,0.57|0.58,0.8	ghi de 2
79	BubbleConfig_79_2	180.0	1	0.25	0.35	0.4	0.0		0.45,0.75	ghi de 2
80	BubbleConfig_80_2	240.0	2	0.15	0.25	0.25	0.35		0.35,0.5|0.55,0.8	ghi de 2
81	BubbleConfig_81_2	240.0	2	0.15	0.25	0.25	0.35		0.4,0.55|0.56,0.8	ghi de 2
82	BubbleConfig_82_2	300.0	3	0.1	0.15	0.3	0.45		0.28,0.43|0.44,0.57|0.58,0.8	ghi de 2
83	BubbleConfig_83_2	180.0	1	0.25	0.35	0.4	0.0		0.45,0.75	ghi de 2
84	BubbleConfig_84_2	240.0	2	0.15	0.25	0.25	0.35	0.25,30|0.5,60	0.35,0.5|0.55,0.8	ghi de 2
85	BubbleConfig_85_2	240.0	2	0.15	0.25	0.25	0.35		0.4,0.55|0.56,0.8	ghi de 2
86	BubbleConfig_86_2	300.0	3	0.1	0.15	0.3	0.45		0.28,0.43|0.44,0.57|0.58,0.8	ghi de 2
87	BubbleConfig_87_2	180.0	1	0.25	0.35	0.4	0.0		0.45,0.75	ghi de 2
88	BubbleConfig_88_2	240.0	2	0.15	0.25	0.25	0.35	0.3,30|0.5,60	0.35,0.5|0.55,0.8	ghi de 2
89	BubbleConfig_89_2	240.0	2	0.15	0.25	0.25	0.35		0.4,0.55|0.56,0.8	ghi de 2
90	BubbleConfig_90_2	300.0	3	0.1	0.15	0.3	0.45		0.28,0.43|0.44,0.57|0.58,0.8	ghi de 2
91	BubbleConfig_91_2	180.0	1	0.25	0.35	0.4	0.0		0.45,0.75	ghi de 2
92	BubbleConfig_92_2	240.0	2	0.15	0.25	0.25	0.35		0.35,0.5|0.55,0.8	ghi de 2
93	BubbleConfig_93_2	240.0	2	0.15	0.25	0.25	0.35	0.3,30|0.5,60	0.4,0.55|0.56,0.8	ghi de 2
94	BubbleConfig_94_2	300.0	3	0.1	0.15	0.3	0.45		0.28,0.43|0.44,0.57|0.58,0.8	ghi de 2
95	BubbleConfig_95_2	180.0	1	0.25	0.35	0.4	0.0		0.45,0.75	ghi de 2
96	BubbleConfig_96_2	240.0	2	0.15	0.25	0.25	0.35		0.35,0.5|0.55,0.8	ghi de 2
97	BubbleConfig_97_2	240.0	2	0.15	0.25	0.25	0.35		0.4,0.55|0.56,0.8	ghi de 2
98	BubbleConfig_98_2	300.0	3	0.1	0.15	0.3	0.45		0.28,0.43|0.44,0.57|0.58,0.8	ghi de 2
99	BubbleConfig_99_2	180.0	1	0.25	0.35	0.4	0.0		0.45,0.75	ghi de 2
100	BubbleConfig_100_2	240.0	2	0.15	0.25	0.25	0.35		0.35,0.5|0.55,0.8	ghi de 2
102	BubbleConfig_102_2	300.0	3	0.1	0.15	0.3	0.45		0.28,0.43|0.44,0.57|0.58,0.8	ghi de 2
103	BubbleConfig_103_2	180.0	1	0.25	0.35	0.4	0.0		0.45,0.75	ghi de 2
104	BubbleConfig_104_2	240.0	2	0.15	0.25	0.25	0.35	0.25,30|0.5,60	0.35,0.5|0.55,0.8	ghi de 2
105	BubbleConfig_105_2	240.0	2	0.15	0.25	0.25	0.35		0.4,0.55|0.56,0.8	ghi de 2
106	BubbleConfig_106_2	300.0	3	0.1	0.15	0.3	0.45		0.28,0.43|0.44,0.57|0.58,0.8	ghi de 2
107	BubbleConfig_107_2	180.0	1	0.25	0.35	0.4	0.0	0.25,30|0.5,60	0.45,0.75	ghi de 2
108	BubbleConfig_108_2	240.0	2	0.15	0.25	0.25	0.35		0.35,0.5|0.55,0.8	ghi de 2
109	BubbleConfig_109_2	240.0	2	0.15	0.25	0.25	0.35		0.4,0.55|0.56,0.8	ghi de 2
110	BubbleConfig_110_2	300.0	3	0.1	0.15	0.3	0.45		0.28,0.43|0.44,0.57|0.58,0.8	ghi de 2
111	BubbleConfig_111_2	180.0	1	0.25	0.35	0.4	0.0		0.45,0.75	ghi de 2
112	BubbleConfig_112_2	240.0	2	0.15	0.25	0.25	0.35	0.1,30|0.25,30|0.5,90	0.35,0.5|0.55,0.8	ghi de 2
113	BubbleConfig_113_2	240.0	2	0.15	0.25	0.25	0.35		0.4,0.55|0.56,0.8	ghi de 2
114	BubbleConfig_114_2	300.0	3	0.1	0.15	0.3	0.45		0.28,0.43|0.44,0.57|0.58,0.8	ghi de 2
115	BubbleConfig_115_2	180.0	1	0.25	0.35	0.4	0.0		0.45,0.75	ghi de 2
116	BubbleConfig_116_2	240.0	2	0.15	0.25	0.25	0.35		0.35,0.5|0.55,0.8	ghi de 2
117	BubbleConfig_117_2	240.0	2	0.15	0.25	0.25	0.35	0.1,30|0.25,30|0.5,90	0.4,0.55|0.56,0.8	ghi de 2
118	BubbleConfig_118_2	300.0	3	0.1	0.15	0.3	0.45		0.28,0.43|0.44,0.57|0.58,0.8	ghi de 2
119	BubbleConfig_119_2	180.0	1	0.25	0.35	0.4	0.0		0.45,0.75	ghi de 2
120	BubbleConfig_120_2	240.0	2	0.15	0.25	0.25	0.35		0.35,0.5|0.55,0.8	ghi de 2
121	BubbleConfig_121_2	240.0	2	0.15	0.25	0.25	0.35		0.4,0.55|0.56,0.8	ghi de 2
122	BubbleConfig_122_2	300.0	3	0.1	0.15	0.3	0.45		0.28,0.43|0.44,0.57|0.58,0.8	ghi de 2
123	BubbleConfig_123_2	180.0	1	0.25	0.35	0.4	0.0	0.25,30|0.5,60	0.45,0.75	ghi de 2
124	BubbleConfig_124_2	240.0	2	0.15	0.25	0.25	0.35		0.35,0.5|0.55,0.8	ghi de 2
126	BubbleConfig_126_2	300.0	3	0.1	0.15	0.3	0.45	0.15,30|0.4,60|0.55,90	0.28,0.43|0.44,0.57|0.58,0.8	ghi de 2
127	BubbleConfig_127_2	180.0	1	0.25	0.35	0.4	0.0		0.45,0.75	ghi de 2
128	BubbleConfig_128_2	240.0	2	0.15	0.25	0.25	0.35		0.35,0.5|0.55,0.8	ghi de 2
129	BubbleConfig_129_2	240.0	2	0.15	0.25	0.25	0.35		0.4,0.55|0.56,0.8	ghi de 2
130	BubbleConfig_130_2	300.0	3	0.1	0.15	0.3	0.45		0.28,0.43|0.44,0.57|0.58,0.8	ghi de 2
131	BubbleConfig_131_2	180.0	1	0.25	0.35	0.4	0.0		0.45,0.75	ghi de 2
132	BubbleConfig_132_2	240.0	2	0.15	0.25	0.25	0.35	0.1,30|0.25,60|0.5,90	0.35,0.5|0.55,0.8	ghi de 2
133	BubbleConfig_133_2	240.0	2	0.15	0.25	0.25	0.35		0.4,0.55|0.56,0.8	ghi de 2
134	BubbleConfig_134_2	300.0	3	0.1	0.15	0.3	0.45		0.28,0.43|0.44,0.57|0.58,0.8	ghi de 2
135	BubbleConfig_135_2	180.0	1	0.25	0.35	0.4	0.0	0.1,30|0.3,60|0.5,60	0.45,0.75	ghi de 2
136	BubbleConfig_136_2	240.0	2	0.15	0.25	0.25	0.35		0.35,0.5|0.55,0.8	ghi de 2
137	BubbleConfig_137_2	240.0	2	0.15	0.25	0.25	0.35		0.4,0.55|0.56,0.8	ghi de 2
138	BubbleConfig_138_2	300.0	3	0.1	0.15	0.3	0.45		0.28,0.43|0.44,0.57|0.58,0.8	ghi de 2
139	BubbleConfig_139_2	180.0	1	0.25	0.35	0.4	0.0		0.45,0.75	ghi de 2
141	BubbleConfig_141_2	240.0	2	0.15	0.25	0.25	0.35		0.4,0.55|0.56,0.8	ghi de 2
142	BubbleConfig_142_2	300.0	3	0.1	0.15	0.3	0.45		0.28,0.43|0.44,0.57|0.58,0.8	ghi de 2
143	BubbleConfig_143_2	180.0	1	0.25	0.35	0.4	0.0		0.45,0.75	ghi de 2
144	BubbleConfig_144_2	240.0	2	0.15	0.25	0.25	0.35		0.35,0.5|0.55,0.8	ghi de 2
145	BubbleConfig_145_2	240.0	2	0.15	0.25	0.25	0.35	0.1,30|0.25,60|0.5,90	0.4,0.55|0.56,0.8	ghi de 2
146	BubbleConfig_146_2	300.0	3	0.1	0.15	0.3	0.45		0.28,0.43|0.44,0.57|0.58,0.8	ghi de 2
147	BubbleConfig_147_2	180.0	1	0.25	0.35	0.4	0.0		0.45,0.75	ghi de 2
148	BubbleConfig_148_2	240.0	2	0.15	0.25	0.25	0.35		0.35,0.5|0.55,0.8	ghi de 2
149	BubbleConfig_149_2	240.0	2	0.15	0.25	0.25	0.35		0.4,0.55|0.56,0.8	ghi de 2
150	BubbleConfig_150_2	300.0	3	0.1	0.15	0.3	0.45		0.28,0.43|0.44,0.57|0.58,0.8	ghi de 2
151	BubbleConfig_151_2	180.0	1	0.25	0.35	0.4	0.0		0.45,0.75	ghi de 2
152	BubbleConfig_152_2	240.0	2	0.15	0.25	0.25	0.35		0.35,0.5|0.55,0.8	ghi de 2
154	BubbleConfig_154_2	300.0	3	0.1	0.15	0.3	0.45		0.28,0.43|0.44,0.57|0.58,0.8	ghi de 2
156	BubbleConfig_156_2	240.0	2	0.15	0.25	0.25	0.35		0.35,0.5|0.55,0.8	ghi de 2
164	BubbleConfig_164_2	240.0	2	0.15	0.25	0.25	0.35	0.1,30|0.25,60|0.5,90	0.35,0.5|0.55,0.8	ghi de 2
168	BubbleConfig_168_2	240.0	2	0.15	0.25	0.25	0.35		0.35,0.5|0.55,0.8	ghi de 2
174	BubbleConfig_174_2	300.0	3	0.1	0.15	0.3	0.45		0.28,0.43|0.44,0.57|0.58,0.8	ghi de 2
176	BubbleConfig_176_2	240.0	2	0.15	0.25	0.25	0.35		0.35,0.5|0.55,0.8	ghi de 2
181	BubbleConfig_181_2	240.0	2	0.15	0.25	0.25	0.35		0.4,0.55|0.56,0.8	ghi de 2
183	BubbleConfig_183_2	180.0	1	0.25	0.35	0.4	0.0		0.45,0.75	ghi de 2
188	BubbleConfig_188_2	240.0	2	0.15	0.25	0.25	0.35		0.35,0.5|0.55,0.8	ghi de 2
192	BubbleConfig_192_2	240.0	2	0.15	0.25	0.25	0.35		0.35,0.5|0.55,0.8	ghi de 2
193	BubbleConfig_193	240.0	2	0.15	0.25	0.25	0.35	0.25,30|0.5,60	0.4,0.55|0.56,0.8	ghi de 2
198	BubbleConfig_198_2	300.0	3	0.1	0.15	0.3	0.45		0.28,0.43|0.44,0.57|0.58,0.8	ghi de 2
200	BubbleConfig_200_2	240.0	2	0.15	0.25	0.25	0.35		0.35,0.5|0.55,0.8	ghi de 2
201	BubbleConfig_201_2	240.0	2	0.15	0.25	0.25	0.35		0.4,0.55|0.56,0.8	ghi de 2
202	BubbleConfig_202_2	300.0	3	0.1	0.15	0.3	0.45	0.25,30|0.35,60|0.55,90	0.28,0.43|0.44,0.57|0.58,0.8	ghi de 2
203	BubbleConfig_203_2	180.0	1	0.25	0.35	0.4	0.0		0.45,0.75	ghi de 2
204	BubbleConfig_204_2	240.0	2	0.15	0.25	0.25	0.35		0.35,0.5|0.55,0.8	ghi de 2
205	BubbleConfig_205_2	240.0	2	0.15	0.25	0.25	0.35		0.4,0.55|0.56,0.8	ghi de 2
206	BubbleConfig_206_2	300.0	3	0.1	0.15	0.3	0.45		0.28,0.43|0.44,0.57|0.58,0.8	ghi de 2
207	BubbleConfig_207_2	180.0	1	0.25	0.35	0.4	0.0		0.45,0.75	ghi de 2
208	BubbleConfig_208_2	240.0	2	0.15	0.25	0.25	0.35		0.35,0.5|0.55,0.8	ghi de 2
209	BubbleConfig_209_2	240.0	2	0.15	0.25	0.25	0.35		0.4,0.55|0.56,0.8	ghi de 2
210	BubbleConfig_210_2	300.0	3	0.1	0.15	0.3	0.45	0.25,30|0.35,60|0.55,90	0.28,0.43|0.44,0.57|0.58,0.8	ghi de 2
211	BubbleConfig_211_2	180.0	1	0.25	0.35	0.4	0.0		0.45,0.75	ghi de 2
212	BubbleConfig_212_2	240.0	2	0.15	0.25	0.25	0.35		0.35,0.5|0.55,0.8	ghi de 2
213	BubbleConfig_213_2	240.0	2	0.15	0.25	0.25	0.35	0.1,30|0.25,30|0.5,90	0.4,0.55|0.56,0.8	ghi de 2
214	BubbleConfig_214_2	300.0	3	0.1	0.15	0.3	0.45		0.28,0.43|0.44,0.57|0.58,0.8	ghi de 2
215	BubbleConfig_215_2	180.0	1	0.25	0.35	0.4	0.0		0.45,0.75	ghi de 2
216	BubbleConfig_216_2	240.0	2	0.15	0.25	0.25	0.35		0.35,0.5|0.55,0.8	ghi de 2
217	BubbleConfig_217_2	240.0	2	0.15	0.25	0.25	0.35		0.4,0.55|0.56,0.8	ghi de 2
218	BubbleConfig_218_2	300.0	3	0.1	0.15	0.3	0.45		0.28,0.43|0.44,0.57|0.58,0.8	ghi de 2
219	BubbleConfig_219_2	180.0	1	0.25	0.35	0.4	0.0		0.45,0.75	ghi de 2
220	BubbleConfig_220_2	240.0	2	0.15	0.25	0.25	0.35	0.25,30|0.5,60	0.35,0.5|0.55,0.8	ghi de 2
221	BubbleConfig_221_2	240.0	2	0.15	0.25	0.25	0.35		0.4,0.55|0.56,0.8	ghi de 2
222	BubbleConfig_222_2	300.0	3	0.1	0.15	0.3	0.45	0.1,30|0.25,30|0.55,90	0.28,0.43|0.44,0.57|0.58,0.8	ghi de 2
223	BubbleConfig_223_2	180.0	1	0.25	0.35	0.4	0.0		0.45,0.75	ghi de 2
224	BubbleConfig_224_2	240.0	2	0.15	0.25	0.25	0.35		0.35,0.5|0.55,0.8	ghi de 2
225	BubbleConfig_225_2	240.0	2	0.15	0.25	0.25	0.35		0.4,0.55|0.56,0.8	ghi de 2
226	BubbleConfig_226_2	300.0	3	0.1	0.15	0.3	0.45	0.1,30|0.25,60|0.55,90	0.28,0.43|0.44,0.57|0.58,0.8	ghi de 2
227	BubbleConfig_227_2	180.0	1	0.25	0.35	0.4	0.0		0.45,0.75	ghi de 2
228	BubbleConfig_228_2	240.0	2	0.15	0.25	0.25	0.35		0.35,0.5|0.55,0.8	ghi de 2
229	BubbleConfig_229_2	240.0	2	0.15	0.25	0.25	0.35		0.4,0.55|0.56,0.8	ghi de 2
230	BubbleConfig_230_2	300.0	3	0.1	0.15	0.3	0.45		0.28,0.43|0.44,0.57|0.58,0.8	ghi de 2
231	BubbleConfig_231_2	180.0	1	0.25	0.35	0.4	0.0		0.45,0.75	ghi de 2
232	BubbleConfig_232_2	240.0	2	0.15	0.25	0.25	0.35	0.25,30|0.5,60	0.35,0.5|0.55,0.8	ghi de 2
233	BubbleConfig_233_2	240.0	2	0.15	0.25	0.25	0.35		0.4,0.55|0.56,0.8	ghi de 2
234	BubbleConfig_234_2	300.0	3	0.1	0.15	0.3	0.45		0.28,0.43|0.44,0.57|0.58,0.8	ghi de 2
235	BubbleConfig_235_2	180.0	1	0.25	0.35	0.4	0.0	0.25,30|0.5,60	0.45,0.75	ghi de 2
236	BubbleConfig_236_2	240.0	2	0.15	0.25	0.25	0.35		0.35,0.5|0.55,0.8	ghi de 2
237	BubbleConfig_237_2	240.0	2	0.15	0.25	0.25	0.35		0.4,0.55|0.56,0.8	ghi de 2
238	BubbleConfig_238_2	300.0	3	0.1	0.15	0.3	0.45		0.28,0.43|0.44,0.57|0.58,0.8	ghi de 2
239	BubbleConfig_239_2	180.0	1	0.25	0.35	0.4	0.0		0.45,0.75	ghi de 2
240	BubbleConfig_240_2	240.0	2	0.15	0.25	0.25	0.35		0.35,0.5|0.55,0.8	ghi de 2
241	BubbleConfig_241_2	240.0	2	0.15	0.25	0.25	0.35		0.4,0.55|0.56,0.8	ghi de 2
242	BubbleConfig_242_2	300.0	3	0.1	0.15	0.3	0.45	0.1,30|0.25,60|0.55,90	0.28,0.43|0.44,0.57|0.58,0.8	ghi de 2
243	BubbleConfig_243_2	180.0	1	0.25	0.35	0.4	0.0		0.45,0.75	ghi de 2
244	BubbleConfig_244_2	240.0	2	0.15	0.25	0.25	0.35		0.35,0.5|0.55,0.8	ghi de 2
245	BubbleConfig_245_2	240.0	2	0.15	0.25	0.25	0.35		0.4,0.55|0.56,0.8	ghi de 2
246	BubbleConfig_246_2	300.0	3	0.1	0.15	0.3	0.45		0.28,0.43|0.44,0.57|0.58,0.8	ghi de 2
247	BubbleConfig_247_2	180.0	1	0.25	0.35	0.4	0.0		0.45,0.75	ghi de 2
248	BubbleConfig_248_2	240.0	2	0.15	0.25	0.25	0.35		0.35,0.5|0.55,0.8	ghi de 2
249	BubbleConfig_249_2	240.0	2	0.15	0.25	0.25	0.35		0.4,0.55|0.56,0.8	ghi de 2
250	BubbleConfig_250_2	300.0	3	0.1	0.15	0.3	0.45	0.25,30|0.35,60|0.55,90	0.28,0.43|0.44,0.57|0.58,0.8	ghi de 2
14	BubbleConfig_14_5	360.0	2							ghi de 5
201	BubbleConfig_201_6	240.0	2							ghi de 6
202	BubbleConfig_202_6	300.0	3					0.25,30|0.35,60|0.55,90		ghi de 6
206	BubbleConfig_206_6	300.0	3							ghi de 6
214	BubbleConfig_214_6	300.0	3							ghi de 6
217	BubbleConfig_217_6	240.0	2							ghi de 6
225	BubbleConfig_225_6	240.0	2							ghi de 6
230	BubbleConfig_230_6	300.0	3							ghi de 6
238	BubbleConfig_238_6	300.0	3							ghi de 6
241	BubbleConfig_241_6	240.0	2							ghi de 6
245	BubbleConfig_245_6	240.0	2							ghi de 6
250	BubbleConfig_250_6	300.0	3					0.25,30|0.35,60|0.55,90		ghi de 6
251	BubbleConfig_251_6	180.0	1							ghi de 6
252	BubbleConfig_252_6	240.0	2							ghi de 6
253	BubbleConfig_253_6	240.0	2							ghi de 6
254	BubbleConfig_254_6	300.0	3							ghi de 6
261	BubbleConfig_261_6	240.0	2							ghi de 6
266	BubbleConfig_266_6	300.0	3							ghi de 6
270	BubbleConfig_270_6	300.0	3							ghi de 6
274	BubbleConfig_274_6	300.0	3							ghi de 6
278	BubbleConfig_278_6	300.0	3							ghi de 6
284	BubbleConfig_284_6	240.0	2							ghi de 6
288	BubbleConfig_288_6	240.0	2							ghi de 6
290	BubbleConfig_290_6	300.0	3							ghi de 6
291	BubbleConfig_291_6	180.0	1							ghi de 6
298	BubbleConfig_298_6	300.0	3							ghi de 6
300	BubbleConfig_300_6	240.0	2							ghi de 6
310	BubbleConfig_310_6	300.0	3							ghi de 6
314	BubbleConfig_314_6	300.0	3							ghi de 6
323	BubbleConfig_323_6	180.0	1					0.25,30|0.5,60		ghi de 6
330	BubbleConfig_330_6	300.0	3							ghi de 6
338	BubbleConfig_338_6	300.0	3							ghi de 6
343	BubbleConfig_343_6	180.0	1					0.15,30|0.5,90		ghi de 6
349	BubbleConfig_349_6	240.0	2							ghi de 6
358	BubbleConfig_358_6	300.0	3					0.1,30|0.25,60|0.5,90		ghi de 6
370	BubbleConfig_370_6	300.0	3							ghi de 6
373	BubbleConfig_373_6	240.0	2							ghi de 6
377	BubbleConfig_377_6	240.0	2							ghi de 6
385	BubbleConfig_385_6	240.0	2							ghi de 6
387	BubbleConfig_387_6	180.0	1							ghi de 6
388	BubbleConfig_388_6	240.0	2							ghi de 6
394	BubbleConfig_394_6	300.0	3							ghi de 6
397	BubbleConfig_397_6	240.0	2							ghi de 6
401	BubbleConfig_401_6	240.0	2							ghi de 6
402	BubbleConfig_402_6	300.0	3							ghi de 6
404	BubbleConfig_404_6	240.0	2							ghi de 6
405	BubbleConfig_405_6	240.0	2							ghi de 6
408	BubbleConfig_408_6	240.0	2							ghi de 6
414	BubbleConfig_414_6	300.0	3							ghi de 6
422	BubbleConfig_422_6	300.0	3							ghi de 6
425	BubbleConfig_425_6	240.0	2							ghi de 6
426	BubbleConfig_426_6	300.0	3					0.25,30|0.35,60|0.5,90		ghi de 6
430	BubbleConfig_430_6	300.0	3							ghi de 6
433	BubbleConfig_433_6	240.0	2							ghi de 6
434	BubbleConfig_434_6	300.0	3							ghi de 6
438	BubbleConfig_438_6	300.0	3							ghi de 6
442	BubbleConfig_442_6	300.0	3							ghi de 6
445	BubbleConfig_445_6	240.0	2							ghi de 6
448	BubbleConfig_448_6	240.0	2							ghi de 6
451	BubbleConfig_451_6	180.0	1							ghi de 6
453	BubbleConfig_453_6	240.0	2							ghi de 6
454	BubbleConfig_454_6	300.0	3							ghi de 6
460	BubbleConfig_460_6	240.0	2							ghi de 6
463	BubbleConfig_463_6	180.0	1					0.25,30|0.5,60		ghi de 6
467	BubbleConfig_467_6	180.0	1							ghi de 6
468	BubbleConfig_468_6	240.0	2							ghi de 6
469	BubbleConfig_469_6	240.0	2							ghi de 6
474	BubbleConfig_474_6	300.0	3							ghi de 6
475	BubbleConfig_475_6	180.0	1							ghi de 6
477	BubbleConfig_477_6	240.0	2							ghi de 6
478	BubbleConfig_478_6	300.0	3							ghi de 6
481	BubbleConfig_481_6	240.0	2							ghi de 6
482	BubbleConfig_482_6	300.0	3							ghi de 6
483	BubbleConfig_483_6	180.0	1							ghi de 6
485	BubbleConfig_485_6	240.0	2					0.2,30|0.4,60|0.5,90		ghi de 6
488	BubbleConfig_488_6	240.0	2							ghi de 6
490	BubbleConfig_490_6	300.0	3							ghi de 6
492	BubbleConfig_492_6	240.0	2							ghi de 6
494	BubbleConfig_494_6	300.0	3							ghi de 6
500	BubbleConfig_500_6	240.0	2							ghi de 6
503	BubbleConfig_503_6	180.0	1							ghi de 6
510	BubbleConfig_510_6	300.0	3							ghi de 6
512	BubbleConfig_512_6	240.0	2							ghi de 6
516	BubbleConfig_516_6	240.0	2							ghi de 6
517	BubbleConfig_517_6	240.0	2							ghi de 6
524	BubbleConfig_524_6	240.0	2							ghi de 6
526	BubbleConfig_526_6	300.0	3							ghi de 6
529	BubbleConfig_529_6	240.0	2							ghi de 6
534	BubbleConfig_534_6	300.0	3							ghi de 6
538	BubbleConfig_538_6	300.0	3							ghi de 6
539	BubbleConfig_539_6	180.0	1							ghi de 6
540	BubbleConfig_540_6	240.0	2							ghi de 6
541	BubbleConfig_541_6	240.0	2							ghi de 6
542	BubbleConfig_542_6	300.0	3							ghi de 6
548	BubbleConfig_548_6	240.0	2							ghi de 6
556	BubbleConfig_556_6	240.0	2					0.1,30|0.4,60|0.5,90		ghi de 6
557	BubbleConfig_557_6	240.0	2							ghi de 6
558	BubbleConfig_558_6	300.0	3							ghi de 6
562	BubbleConfig_562_6	300.0	3							ghi de 6
566	BubbleConfig_566_6	300.0	3							ghi de 6
570	BubbleConfig_570_6	300.0	3					0.15,30|0.3,60|0.5,90		ghi de 6
575	BubbleConfig_575_6	180.0	1							ghi de 6
578	BubbleConfig_578_6	300.0	3							ghi de 6
581	BubbleConfig_581_6	240.0	2					0.35,60|0.5,90		ghi de 6
584	BubbleConfig_584_6	240.0	2							ghi de 6
587	BubbleConfig_587_6	180.0	1							ghi de 6
588	BubbleConfig_588_6	240.0	2							ghi de 6
590	BubbleConfig_590_6	300.0	3							ghi de 6
594	BubbleConfig_594_6	300.0	3							ghi de 6
599	BubbleConfig_599_6	180.0	1							ghi de 6
601	BubbleConfig_601_6	240.0	2							ghi de 6
602	BubbleConfig_602_6	300.0	3					0.15,30|0.3,60|0.5,90		ghi de 6
603	BubbleConfig_603_6	180.0	1							ghi de 6
604	BubbleConfig_604_6	240.0	2							ghi de 6
605	BubbleConfig_605_6	240.0	2							ghi de 6
610	BubbleConfig_610_6	300.0	3							ghi de 6
614	BubbleConfig_614_6	300.0	3							ghi de 6
618	BubbleConfig_618_6	300.0	3							ghi de 6
621	BubbleConfig_621_6	240.0	2							ghi de 6
622	BubbleConfig_622_6	300.0	3							ghi de 6
627	BubbleConfig_627_6	180.0	1							ghi de 6
628	BubbleConfig_628_6	240.0	2							ghi de 6
645	BubbleConfig_645_6	240.0	2							ghi de 6
646	BubbleConfig_646_6	300.0	3							ghi de 6
650	BubbleConfig_650_6	300.0	3							ghi de 6
651	BubbleConfig_651_6	180.0	1							ghi de 6
652	BubbleConfig_652_6	240.0	2							ghi de 6
656	BubbleConfig_656_6	240.0	2							ghi de 6
657	BubbleConfig_657_6	240.0	2							ghi de 6
658	BubbleConfig_658_6	300.0	3							ghi de 6
666	BubbleConfig_666_6	300.0	3					0.2,30|0.4,60|0.55,90		ghi de 6
668	BubbleConfig_668_6	240.0	2							ghi de 6
669	BubbleConfig_669_6	240.0	2							ghi de 6
670	BubbleConfig_670_6	300.0	3							ghi de 6
672	BubbleConfig_672_6	240.0	2							ghi de 6
673	BubbleConfig_673_6	240.0	2							ghi de 6
674	BubbleConfig_674_6	300.0	3							ghi de 6
677	BubbleConfig_677_6	240.0	2							ghi de 6
678	BubbleConfig_678_6	300.0	3							ghi de 6
680	BubbleConfig_680_6	240.0	2							ghi de 6
681	BubbleConfig_681_6	240.0	2							ghi de 6
685	BubbleConfig_685_6	240.0	2					0.2,30|0.45,60|0.5,90		ghi de 6
687	BubbleConfig_687_6	180.0	1							ghi de 6
688	BubbleConfig_688_6	240.0	2							ghi de 6
689	BubbleConfig_689_6	240.0	2							ghi de 6
690	BubbleConfig_690_6	300.0	3							ghi de 6
692	BubbleConfig_692_6	240.0	2							ghi de 6
695	BubbleConfig_695_6	180.0	1							ghi de 6
696	BubbleConfig_696_6	240.0	2							ghi de 6
698	BubbleConfig_698_6	300.0	3							ghi de 6
700	BubbleConfig_700_6	240.0	2					0.2,30|0.35,60|0.5,90		ghi de 6
701	BubbleConfig_701_6	240.0	2							ghi de 6
702	BubbleConfig_702_6	300.0	3							ghi de 6
703	BubbleConfig_703_6	180.0	1							ghi de 6
704	BubbleConfig_704_6	240.0	2							ghi de 6
705	BubbleConfig_705_6	240.0	2							ghi de 6
706	BubbleConfig_706_6	300.0	3							ghi de 6
707	BubbleConfig_707_6	180.0	1							ghi de 6
708	BubbleConfig_708_6	240.0	2							ghi de 6
709	BubbleConfig_709_6	240.0	2							ghi de 6
710	BubbleConfig_710_6	300.0	3							ghi de 6
711	BubbleConfig_711_6	180.0	1					0.2,30|0.5,60		ghi de 6
712	BubbleConfig_712_6	240.0	2							ghi de 6
713	BubbleConfig_713_6	240.0	2							ghi de 6
714	BubbleConfig_714_6	300.0	3							ghi de 6
715	BubbleConfig_715_6	180.0	1							ghi de 6
716	BubbleConfig_716_6	240.0	2							ghi de 6
717	BubbleConfig_717_6	240.0	2							ghi de 6
718	BubbleConfig_718_6	300.0	3							ghi de 6
719	BubbleConfig_719_6	180.0	1							ghi de 6
720	BubbleConfig_720_6	240.0	2							ghi de 6
721	BubbleConfig_721_6	240.0	2							ghi de 6
722	BubbleConfig_722_6	300.0	3							ghi de 6
723	BubbleConfig_723_6	180.0	1							ghi de 6
724	BubbleConfig_724_6	240.0	2							ghi de 6
725	BubbleConfig_725_6	240.0	2							ghi de 6
726	BubbleConfig_726_6	300.0	3					0.2,30|0.3,60|0.45,90		ghi de 6
727	BubbleConfig_727_6	180.0	1							ghi de 6
728	BubbleConfig_728_6	240.0	2							ghi de 6
729	BubbleConfig_729_6	240.0	2							ghi de 6
730	BubbleConfig_730_6	300.0	3							ghi de 6
731	BubbleConfig_731_6	180.0	1					0.25,30|0.5,60		ghi de 6
732	BubbleConfig_732_6	240.0	2							ghi de 6
733	BubbleConfig_733_6	240.0	2							ghi de 6
734	BubbleConfig_734_6	300.0	3							ghi de 6
735	BubbleConfig_735_6	180.0	1							ghi de 6
736	BubbleConfig_736_6	240.0	2							ghi de 6
737	BubbleConfig_737_6	240.0	2							ghi de 6
738	BubbleConfig_738_6	300.0	3							ghi de 6
739	BubbleConfig_739_6	180.0	1							ghi de 6
740	BubbleConfig_740_6	240.0	2							ghi de 6
741	BubbleConfig_741_6	240.0	2							ghi de 6
742	BubbleConfig_742_6	300.0	3							ghi de 6
743	BubbleConfig_743_6	180.0	1							ghi de 6
744	BubbleConfig_744_6	240.0	2							ghi de 6
745	BubbleConfig_745_6	240.0	2							ghi de 6
746	BubbleConfig_746_6	300.0	3							ghi de 6
747	BubbleConfig_747_6	180.0	1							ghi de 6
748	BubbleConfig_748_6	240.0	2							ghi de 6
749	BubbleConfig_749_6	240.0	2							ghi de 6
750	BubbleConfig_750_6	300.0	3					0.2,30|0.4,60|0.45,90		ghi de 6
751	BubbleConfig_751_6	180.0	1							ghi de 6
752	BubbleConfig_752_6	240.0	2							ghi de 6
753	BubbleConfig_753_6	240.0	2							ghi de 6
754	BubbleConfig_754_6	300.0	3					0.1,30|0.4,60|0.45,90		ghi de 6
755	BubbleConfig_755_6	180.0	1							ghi de 6
756	BubbleConfig_756_6	240.0	2							ghi de 6
757	BubbleConfig_757_6	240.0	2							ghi de 6
758	BubbleConfig_758_6	300.0	3							ghi de 6
759	BubbleConfig_759_6	180.0	1							ghi de 6
760	BubbleConfig_760_6	240.0	2					0.1,30|0.25,30|0.45,90		ghi de 6
761	BubbleConfig_761_6	240.0	2							ghi de 6
762	BubbleConfig_762_6	300.0	3							ghi de 6
763	BubbleConfig_763_6	180.0	1							ghi de 6
764	BubbleConfig_764_6	240.0	2							ghi de 6
765	BubbleConfig_765_6	240.0	2					0.2,30|0.35,60|0.45,90		ghi de 6
766	BubbleConfig_766_6	300.0	3							ghi de 6
767	BubbleConfig_767_6	180.0	1							ghi de 6
768	BubbleConfig_768_6	240.0	2							ghi de 6
769	BubbleConfig_769_6	240.0	2							ghi de 6
770	BubbleConfig_770_6	300.0	3					0.15,30|0.3,60|0.45,90		ghi de 6
771	BubbleConfig_771_6	180.0	1							ghi de 6
772	BubbleConfig_772_6	240.0	2							ghi de 6
773	BubbleConfig_773_6	240.0	2							ghi de 6
774	BubbleConfig_774_6	300.0	3							ghi de 6
775	BubbleConfig_775_6	180.0	1							ghi de 6
776	BubbleConfig_776_6	240.0	2							ghi de 6
777	BubbleConfig_777_6	240.0	2							ghi de 6
778	BubbleConfig_778_6	300.0	3							ghi de 6
779	BubbleConfig_779_6	180.0	1							ghi de 6
780	BubbleConfig_780_6	240.0	2							ghi de 6
781	BubbleConfig_781_6	240.0	2							ghi de 6
782	BubbleConfig_782_6	300.0	3					0.25,30|0.4,60|0.45,90		ghi de 6
783	BubbleConfig_783_6	180.0	1							ghi de 6
784	BubbleConfig_784_6	240.0	2							ghi de 6
785	BubbleConfig_785_6	240.0	2					0.1,30|0.4,60|0.45,90		ghi de 6
786	BubbleConfig_786_6	300.0	3							ghi de 6
787	BubbleConfig_787_6	180.0	1							ghi de 6
788	BubbleConfig_788_6	240.0	2					0.2,30|0.35,60|0.45,90		ghi de 6
789	BubbleConfig_789_6	240.0	2					0.1,30|0.4,60|0.45,90		ghi de 6
790	BubbleConfig_790_6	300.0	3							ghi de 6
791	BubbleConfig_791_6	180.0	1							ghi de 6
792	BubbleConfig_792_6	240.0	2							ghi de 6
793	BubbleConfig_793_6	240.0	2							ghi de 6
794	BubbleConfig_794_6	300.0	3							ghi de 6
795	BubbleConfig_795_6	180.0	1					0.2,30|0.45,60		ghi de 6
796	BubbleConfig_796_6	240.0	2							ghi de 6
797	BubbleConfig_797_6	240.0	2							ghi de 6
798	BubbleConfig_798_6	300.0	3							ghi de 6
799	BubbleConfig_799_6	180.0	1							ghi de 6
800	BubbleConfig_800_6	240.0	2							ghi de 6
801	BubbleConfig_801_6	240.0	2							ghi de 6
802	BubbleConfig_802_6	300.0	3							ghi de 6
803	BubbleConfig_803_6	180.0	1							ghi de 6
804	BubbleConfig_804_6	240.0	2					0.2,30|0.35,60|0.45,90		ghi de 6
805	BubbleConfig_805_6	240.0	2							ghi de 6
806	BubbleConfig_806_6	300.0	3							ghi de 6
807	BubbleConfig_807_6	180.0	1							ghi de 6
808	BubbleConfig_808_6	240.0	2							ghi de 6
809	BubbleConfig_809_6	240.0	2							ghi de 6
810	BubbleConfig_810_6	300.0	3							ghi de 6
811	BubbleConfig_811_6	180.0	1							ghi de 6
812	BubbleConfig_812_6	240.0	2							ghi de 6
813	BubbleConfig_813_6	240.0	2							ghi de 6
814	BubbleConfig_814_6	300.0	3							ghi de 6
815	BubbleConfig_815_6	180.0	1							ghi de 6
816	BubbleConfig_816_6	240.0	2							ghi de 6
817	BubbleConfig_817_6	240.0	2							ghi de 6
818	BubbleConfig_818_6	300.0	3							ghi de 6
819	BubbleConfig_819_6	180.0	1					0.15,30|0.45,60		ghi de 6
820	BubbleConfig_820_6	240.0	2							ghi de 6
821	BubbleConfig_821_6	240.0	2							ghi de 6
822	BubbleConfig_822_6	300.0	3							ghi de 6
823	BubbleConfig_823_6	180.0	1							ghi de 6
824	BubbleConfig_824_6	240.0	2							ghi de 6
825	BubbleConfig_825_6	240.0	2							ghi de 6
826	BubbleConfig_826_6	300.0	3							ghi de 6
827	BubbleConfig_827_6	180.0	1							ghi de 6
828	BubbleConfig_828_6	240.0	2							ghi de 6
829	BubbleConfig_829_6	240.0	2							ghi de 6
830	BubbleConfig_830_6	300.0	3					0.1,30|0.3,60|0.45,90		ghi de 6
831	BubbleConfig_831_6	180.0	1							ghi de 6
832	BubbleConfig_832_6	240.0	2							ghi de 6
833	BubbleConfig_833_6	240.0	2					0.1,30|0.4,60|0.45,90		ghi de 6
834	BubbleConfig_834_6	300.0	3							ghi de 6
835	BubbleConfig_835_6	180.0	1							ghi de 6
836	BubbleConfig_836_6	240.0	2					0.2,30|0.35,60|0.45,90		ghi de 6
837	BubbleConfig_837_6	240.0	2							ghi de 6
838	BubbleConfig_838_6	300.0	3							ghi de 6
839	BubbleConfig_839_6	180.0	1							ghi de 6
840	BubbleConfig_840_6	240.0	2							ghi de 6
841	BubbleConfig_841_6	240.0	2					0.25,60|0.45,90		ghi de 6
842	BubbleConfig_842_6	300.0	3							ghi de 6
843	BubbleConfig_843_6	180.0	1							ghi de 6
844	BubbleConfig_844_6	240.0	2							ghi de 6
845	BubbleConfig_845_6	240.0	2							ghi de 6
846	BubbleConfig_846_6	300.0	3							ghi de 6
847	BubbleConfig_847_6	180.0	1							ghi de 6
848	BubbleConfig_848_6	240.0	2							ghi de 6
849	BubbleConfig_849_6	240.0	2							ghi de 6
850	BubbleConfig_850_6	300.0	3							ghi de 6
851	BubbleConfig_851_6	180.0	1					0.2,30|0.45,60		ghi de 6
852	BubbleConfig_852_6	240.0	2							ghi de 6
853	BubbleConfig_853_6	240.0	2							ghi de 6
854	BubbleConfig_854_6	300.0	3							ghi de 6
855	BubbleConfig_855_6	180.0	1					0.15,30|0.45,60		ghi de 6
856	BubbleConfig_856_6	240.0	2							ghi de 6
857	BubbleConfig_857_6	240.0	2							ghi de 6
858	BubbleConfig_858_6	300.0	3							ghi de 6
859	BubbleConfig_859_6	180.0	1							ghi de 6
860	BubbleConfig_860_6	240.0	2							ghi de 6
861	BubbleConfig_861_6	240.0	2							ghi de 6
862	BubbleConfig_862_6	300.0	3							ghi de 6
863	BubbleConfig_863_6	180.0	1					0.2,30|0.5,60		ghi de 6
864	BubbleConfig_864_6	240.0	2							ghi de 6
865	BubbleConfig_865_6	240.0	2							ghi de 6
866	BubbleConfig_866_6	300.0	3							ghi de 6
867	BubbleConfig_867_6	180.0	1							ghi de 6
868	BubbleConfig_868_6	240.0	2							ghi de 6
869	BubbleConfig_869_6	240.0	2							ghi de 6
870	BubbleConfig_870_6	300.0	3							ghi de 6
871	BubbleConfig_871_6	180.0	1							ghi de 6
872	BubbleConfig_872_6	240.0	2							ghi de 6
873	BubbleConfig_873_6	240.0	2							ghi de 6
874	BubbleConfig_874_6	300.0	3					0.2,30|0.3,60|0.45,90		ghi de 6
875	BubbleConfig_875_6	180.0	1							ghi de 6
876	BubbleConfig_876_6	240.0	2							ghi de 6
877	BubbleConfig_877_6	240.0	2							ghi de 6
878	BubbleConfig_878_6	300.0	3							ghi de 6
879	BubbleConfig_879_6	180.0	1							ghi de 6
880	BubbleConfig_880_6	240.0	2							ghi de 6
881	BubbleConfig_881_6	240.0	2							ghi de 6
882	BubbleConfig_882_6	300.0	3							ghi de 6
883	BubbleConfig_883_6	180.0	1					0.2,30|0.45,60		ghi de 6
884	BubbleConfig_884_6	240.0	2							ghi de 6
885	BubbleConfig_885_6	240.0	2							ghi de 6
886	BubbleConfig_886_6	300.0	3							ghi de 6
887	BubbleConfig_887_6	180.0	1							ghi de 6
888	BubbleConfig_888_6	240.0	2							ghi de 6
889	BubbleConfig_889_6	240.0	2							ghi de 6
890	BubbleConfig_890_6	300.0	3							ghi de 6
891	BubbleConfig_891_6	180.0	1							ghi de 6
892	BubbleConfig_892_6	240.0	2					0.2,30|0.35,60|0.45,90		ghi de 6
893	BubbleConfig_893_6	240.0	2					0.1,30|0.4,60|0.45,90		ghi de 6
894	BubbleConfig_894_6	300.0	3							ghi de 6
895	BubbleConfig_895_6	180.0	1							ghi de 6
896	BubbleConfig_896_6	240.0	2							ghi de 6
897	BubbleConfig_897_6	240.0	2							ghi de 6
898	BubbleConfig_898_6	300.0	3							ghi de 6
899	BubbleConfig_899_6	180.0	1							ghi de 6
900	BubbleConfig_900_6	240.0	2							ghi de 6
